[    1310ms] [INFO] %cDownload the React DevTools for a better development experience: https://reactjs.org/link/react-devtools font-weight:bold @ http://localhost:1420/node_modules/.vite/deps/chunk-TSRML2OT.js?v=a44a75d5:21608
[    1397ms] [ERROR] Failed to load resource: the server responded with a status of 404 (Not Found) @ http://localhost:1420/favicon.ico:0
[  375867ms] [INFO] %cDownload the React DevTools for a better development experience: https://reactjs.org/link/react-devtools font-weight:bold @ http://localhost:1420/node_modules/.vite/deps/chunk-TSRML2OT.js?v=a44a75d5:21608
[ 1070212ms] [INFO] %cDownload the React DevTools for a better development experience: https://reactjs.org/link/react-devtools font-weight:bold @ http://localhost:1420/node_modules/.vite/deps/chunk-TSRML2OT.js?v=a44a75d5:21608
[ 1075027ms] [ERROR] Warning: You are calling ReactDOMClient.createRoot() on a container that has already been passed to createRoot() before. Instead, call root.render() on the existing root instead if you want to update it. @ http://localhost:1420/node_modules/.vite/deps/chunk-TSRML2OT.js?v=a44a75d5:520
[ 1075151ms] [INFO] %cDownload the React DevTools for a better development experience: https://reactjs.org/link/react-devtools font-weight:bold @ http://localhost:1420/node_modules/.vite/deps/chunk-TSRML2OT.js?v=a44a75d5:21608
[ 1081705ms] [ERROR] Warning: You are calling ReactDOMClient.createRoot() on a container that has already been passed to createRoot() before. Instead, call root.render() on the existing root instead if you want to update it. @ http://localhost:1420/node_modules/.vite/deps/chunk-TSRML2OT.js?v=a44a75d5:520
[ 1081811ms] [INFO] %cDownload the React DevTools for a better development experience: https://reactjs.org/link/react-devtools font-weight:bold @ http://localhost:1420/node_modules/.vite/deps/chunk-TSRML2OT.js?v=a44a75d5:21608
[ 1083439ms] [ERROR] Warning: You are calling ReactDOMClient.createRoot() on a container that has already been passed to createRoot() before. Instead, call root.render() on the existing root instead if you want to update it. @ http://localhost:1420/node_modules/.vite/deps/chunk-TSRML2OT.js?v=a44a75d5:520
[ 1083548ms] [INFO] %cDownload the React DevTools for a better development experience: https://reactjs.org/link/react-devtools font-weight:bold @ http://localhost:1420/node_modules/.vite/deps/chunk-TSRML2OT.js?v=a44a75d5:21608
[ 1085171ms] [ERROR] Warning: You are calling ReactDOMClient.createRoot() on a container that has already been passed to createRoot() before. Instead, call root.render() on the existing root instead if you want to update it. @ http://localhost:1420/node_modules/.vite/deps/chunk-TSRML2OT.js?v=a44a75d5:520
[ 1085284ms] [INFO] %cDownload the React DevTools for a better development experience: https://reactjs.org/link/react-devtools font-weight:bold @ http://localhost:1420/node_modules/.vite/deps/chunk-TSRML2OT.js?v=a44a75d5:21608
[ 1092162ms] TypeError: app.workspace.flushAll is not a function
    at flush (http://localhost:1420/src/app/App.tsx?t=1781078246167:120:44)
    at http://localhost:1420/@vite/client:875:16
[ 1092179ms] TypeError: app.workspace.flushAll is not a function
    at flush (http://localhost:1420/src/app/App.tsx?t=1781078246167:120:44)
[ 1092594ms] [INFO] %cDownload the React DevTools for a better development experience: https://reactjs.org/link/react-devtools font-weight:bold @ http://localhost:1420/node_modules/.vite/deps/chunk-TSRML2OT.js?v=8996e906:21608
[ 1094459ms] [ERROR] Warning: You are calling ReactDOMClient.createRoot() on a container that has already been passed to createRoot() before. Instead, call root.render() on the existing root instead if you want to update it. @ http://localhost:1420/node_modules/.vite/deps/chunk-TSRML2OT.js?v=8996e906:520
[ 1094516ms] TypeError: app.workspace.flushAll is not a function
    at flush (http://localhost:1420/src/app/App.tsx?t=1781078246167:120:44)
    at http://localhost:1420/@vite/client:875:16
[ 1094517ms] TypeError: app.workspace.flushAll is not a function
    at flush (http://localhost:1420/src/app/App.tsx?t=1781078246167:120:44)
    at http://localhost:1420/@vite/client:875:16
[ 1094537ms] TypeError: app.workspace.flushAll is not a function
    at flush (http://localhost:1420/src/app/App.tsx?t=1781078246167:120:44)
[ 1094537ms] TypeError: app.workspace.flushAll is not a function
    at flush (http://localhost:1420/src/app/App.tsx?t=1781078246167:120:44)
[ 1094596ms] [INFO] %cDownload the React DevTools for a better development experience: https://reactjs.org/link/react-devtools font-weight:bold @ http://localhost:1420/node_modules/.vite/deps/chunk-TSRML2OT.js?v=8996e906:21608
[ 1108146ms] [ERROR] Warning: You are calling ReactDOMClient.createRoot() on a container that has already been passed to createRoot() before. Instead, call root.render() on the existing root instead if you want to update it. @ http://localhost:1420/node_modules/.vite/deps/chunk-TSRML2OT.js?v=8996e906:520
[ 1108204ms] TypeError: app.workspace.flushAll is not a function
    at flush (http://localhost:1420/src/app/App.tsx?t=1781078246167:120:44)
    at http://localhost:1420/@vite/client:875:16
[ 1108204ms] TypeError: app.workspace.flushAll is not a function
    at flush (http://localhost:1420/src/app/App.tsx?t=1781078256397:120:44)
    at http://localhost:1420/@vite/client:875:16
[ 1108216ms] TypeError: app.workspace.flushAll is not a function
    at flush (http://localhost:1420/src/app/App.tsx?t=1781078246167:120:44)
[ 1108217ms] TypeError: app.workspace.flushAll is not a function
    at flush (http://localhost:1420/src/app/App.tsx?t=1781078256397:120:44)
[ 1108262ms] [INFO] %cDownload the React DevTools for a better development experience: https://reactjs.org/link/react-devtools font-weight:bold @ http://localhost:1420/node_modules/.vite/deps/chunk-TSRML2OT.js?v=8996e906:21608
[ 1118131ms] [ERROR] Warning: You are calling ReactDOMClient.createRoot() on a container that has already been passed to createRoot() before. Instead, call root.render() on the existing root instead if you want to update it. @ http://localhost:1420/node_modules/.vite/deps/chunk-TSRML2OT.js?v=8996e906:520
[ 1118188ms] TypeError: app.workspace.flushAll is not a function
    at flush (http://localhost:1420/src/app/App.tsx?t=1781078256397:120:44)
    at http://localhost:1420/@vite/client:875:16
[ 1118188ms] TypeError: app.workspace.flushAll is not a function
    at flush (http://localhost:1420/src/app/App.tsx?t=1781078268228:120:44)
    at http://localhost:1420/@vite/client:875:16
[ 1118196ms] TypeError: app.workspace.flushAll is not a function
    at flush (http://localhost:1420/src/app/App.tsx?t=1781078256397:120:44)
[ 1118197ms] TypeError: app.workspace.flushAll is not a function
    at flush (http://localhost:1420/src/app/App.tsx?t=1781078268228:120:44)
[ 1118247ms] [INFO] %cDownload the React DevTools for a better development experience: https://reactjs.org/link/react-devtools font-weight:bold @ http://localhost:1420/node_modules/.vite/deps/chunk-TSRML2OT.js?v=8996e906:21608
[ 1127202ms] [ERROR] Warning: You are calling ReactDOMClient.createRoot() on a container that has already been passed to createRoot() before. Instead, call root.render() on the existing root instead if you want to update it. @ http://localhost:1420/node_modules/.vite/deps/chunk-TSRML2OT.js?v=8996e906:520
[ 1127265ms] TypeError: app.workspace.flushAll is not a function
    at flush (http://localhost:1420/src/app/App.tsx?t=1781078281829:120:44)
    at http://localhost:1420/@vite/client:875:16
[ 1127266ms] TypeError: app.workspace.flushAll is not a function
    at flush (http://localhost:1420/src/app/App.tsx?t=1781078281829:120:44)
    at http://localhost:1420/@vite/client:875:16
[ 1127279ms] TypeError: app.workspace.flushAll is not a function
    at flush (http://localhost:1420/src/app/App.tsx?t=1781078281829:120:44)
[ 1127280ms] TypeError: app.workspace.flushAll is not a function
    at flush (http://localhost:1420/src/app/App.tsx?t=1781078281829:120:44)
[ 1127341ms] [INFO] %cDownload the React DevTools for a better development experience: https://reactjs.org/link/react-devtools font-weight:bold @ http://localhost:1420/node_modules/.vite/deps/chunk-TSRML2OT.js?v=8996e906:21608
[ 1136572ms] [WARNING] [metadata] failed to index Daily Notes/2026-06-09.md TypeError: this.cacheSet is not a function
    at Vault.read (http://localhost:1420/src/core/vault.ts?t=1781078291204:82:10)
    at async worker (http://localhost:1420/src/core/metadata.ts?t=1781078272775:69:27)
    at async Promise.all (index 0)
    at async MetadataIndex.indexFiles (http://localhost:1420/src/core/metadata.ts?t=1781078272775:76:5)
    at async MetadataIndex.rebuildAll (http://localhost:1420/src/core/metadata.ts?t=1781078272775:59:5) @ http://localhost:1420/src/core/metadata.ts?t=1781078272775:71
[ 1136572ms] [WARNING] [metadata] failed to index Daily Notes/2026-06-10.md TypeError: this.cacheSet is not a function
    at Vault.read (http://localhost:1420/src/core/vault.ts?t=1781078291204:82:10)
    at async worker (http://localhost:1420/src/core/metadata.ts?t=1781078272775:69:27)
    at async Promise.all (index 1)
    at async MetadataIndex.indexFiles (http://localhost:1420/src/core/metadata.ts?t=1781078272775:76:5)
    at async MetadataIndex.rebuildAll (http://localhost:1420/src/core/metadata.ts?t=1781078272775:59:5) @ http://localhost:1420/src/core/metadata.ts?t=1781078272775:71
[ 1136572ms] [WARNING] [metadata] failed to index Projects/Geode Roadmap.md TypeError: this.cacheSet is not a function
    at Vault.read (http://localhost:1420/src/core/vault.ts?t=1781078291204:82:10)
    at async worker (http://localhost:1420/src/core/metadata.ts?t=1781078272775:69:27)
    at async Promise.all (index 2)
    at async MetadataIndex.indexFiles (http://localhost:1420/src/core/metadata.ts?t=1781078272775:76:5)
    at async MetadataIndex.rebuildAll (http://localhost:1420/src/core/metadata.ts?t=1781078272775:59:5) @ http://localhost:1420/src/core/metadata.ts?t=1781078272775:71
[ 1136572ms] [WARNING] [metadata] failed to index Getting Started.md TypeError: this.cacheSet is not a function
    at Vault.read (http://localhost:1420/src/core/vault.ts?t=1781078291204:82:10)
    at async worker (http://localhost:1420/src/core/metadata.ts?t=1781078272775:69:27)
    at async Promise.all (index 3)
    at async MetadataIndex.indexFiles (http://localhost:1420/src/core/metadata.ts?t=1781078272775:76:5)
    at async MetadataIndex.rebuildAll (http://localhost:1420/src/core/metadata.ts?t=1781078272775:59:5) @ http://localhost:1420/src/core/metadata.ts?t=1781078272775:71
[ 1136572ms] [WARNING] [metadata] failed to index Graph View.md TypeError: this.cacheSet is not a function
    at Vault.read (http://localhost:1420/src/core/vault.ts?t=1781078291204:82:10)
    at async worker (http://localhost:1420/src/core/metadata.ts?t=1781078272775:69:27)
    at async Promise.all (index 4)
    at async MetadataIndex.indexFiles (http://localhost:1420/src/core/metadata.ts?t=1781078272775:76:5)
    at async MetadataIndex.rebuildAll (http://localhost:1420/src/core/metadata.ts?t=1781078272775:59:5) @ http://localhost:1420/src/core/metadata.ts?t=1781078272775:71
[ 1136572ms] [WARNING] [metadata] failed to index Markdown Syntax.md TypeError: this.cacheSet is not a function
    at Vault.read (http://localhost:1420/src/core/vault.ts?t=1781078291204:82:10)
    at async worker (http://localhost:1420/src/core/metadata.ts?t=1781078272775:69:27)
    at async Promise.all (index 5)
    at async MetadataIndex.indexFiles (http://localhost:1420/src/core/metadata.ts?t=1781078272775:76:5)
    at async MetadataIndex.rebuildAll (http://localhost:1420/src/core/metadata.ts?t=1781078272775:59:5) @ http://localhost:1420/src/core/metadata.ts?t=1781078272775:71
[ 1136572ms] [WARNING] [metadata] failed to index Welcome.md TypeError: this.cacheSet is not a function
    at Vault.read (http://localhost:1420/src/core/vault.ts?t=1781078291204:82:10)
    at async worker (http://localhost:1420/src/core/metadata.ts?t=1781078272775:69:27)
    at async Promise.all (index 6)
    at async MetadataIndex.indexFiles (http://localhost:1420/src/core/metadata.ts?t=1781078272775:76:5)
    at async MetadataIndex.rebuildAll (http://localhost:1420/src/core/metadata.ts?t=1781078272775:59:5) @ http://localhost:1420/src/core/metadata.ts?t=1781078272775:71
[ 1136572ms] [WARNING] [metadata] failed to index Wiki Links.md TypeError: this.cacheSet is not a function
    at Vault.read (http://localhost:1420/src/core/vault.ts?t=1781078291204:82:10)
    at async worker (http://localhost:1420/src/core/metadata.ts?t=1781078272775:69:27)
    at async Promise.all (index 7)
    at async MetadataIndex.indexFiles (http://localhost:1420/src/core/metadata.ts?t=1781078272775:76:5)
    at async MetadataIndex.rebuildAll (http://localhost:1420/src/core/metadata.ts?t=1781078272775:59:5) @ http://localhost:1420/src/core/metadata.ts?t=1781078272775:71
[ 1136572ms] [ERROR] Warning: You are calling ReactDOMClient.createRoot() on a container that has already been passed to createRoot() before. Instead, call root.render() on the existing root instead if you want to update it. @ http://localhost:1420/node_modules/.vite/deps/chunk-TSRML2OT.js?v=8996e906:520
[ 1136630ms] TypeError: app.workspace.flushAll is not a function
    at flush (http://localhost:1420/src/app/App.tsx?t=1781078291204:120:44)
    at http://localhost:1420/@vite/client:875:16
[ 1136631ms] TypeError: app.workspace.flushAll is not a function
    at flush (http://localhost:1420/src/app/App.tsx?t=1781078291204:120:44)
    at http://localhost:1420/@vite/client:875:16
[ 1136643ms] TypeError: app.workspace.flushAll is not a function
    at flush (http://localhost:1420/src/app/App.tsx?t=1781078291204:120:44)
[ 1136643ms] TypeError: app.workspace.flushAll is not a function
    at flush (http://localhost:1420/src/app/App.tsx?t=1781078291204:120:44)
[ 1136677ms] [INFO] %cDownload the React DevTools for a better development experience: https://reactjs.org/link/react-devtools font-weight:bold @ http://localhost:1420/node_modules/.vite/deps/chunk-TSRML2OT.js?v=8996e906:21608
[ 1136686ms] [WARNING] [metadata] failed to index Daily Notes/2026-06-09.md TypeError: this.cacheSet is not a function
    at Vault.read (http://localhost:1420/src/core/vault.ts?t=1781078291204:82:10)
    at async worker (http://localhost:1420/src/core/metadata.ts?t=1781078272775:69:27)
    at async Promise.all (index 0)
    at async MetadataIndex.indexFiles (http://localhost:1420/src/core/metadata.ts?t=1781078272775:76:5)
    at async MetadataIndex.rebuildAll (http://localhost:1420/src/core/metadata.ts?t=1781078272775:59:5) @ http://localhost:1420/src/core/metadata.ts?t=1781078272775:71
[ 1136687ms] [WARNING] [metadata] failed to index Daily Notes/2026-06-10.md TypeError: this.cacheSet is not a function
    at Vault.read (http://localhost:1420/src/core/vault.ts?t=1781078291204:82:10)
    at async worker (http://localhost:1420/src/core/metadata.ts?t=1781078272775:69:27)
    at async Promise.all (index 1)
    at async MetadataIndex.indexFiles (http://localhost:1420/src/core/metadata.ts?t=1781078272775:76:5)
    at async MetadataIndex.rebuildAll (http://localhost:1420/src/core/metadata.ts?t=1781078272775:59:5) @ http://localhost:1420/src/core/metadata.ts?t=1781078272775:71
[ 1136687ms] [WARNING] [metadata] failed to index Projects/Geode Roadmap.md TypeError: this.cacheSet is not a function
    at Vault.read (http://localhost:1420/src/core/vault.ts?t=1781078291204:82:10)
    at async worker (http://localhost:1420/src/core/metadata.ts?t=1781078272775:69:27)
    at async Promise.all (index 2)
    at async MetadataIndex.indexFiles (http://localhost:1420/src/core/metadata.ts?t=1781078272775:76:5)
    at async MetadataIndex.rebuildAll (http://localhost:1420/src/core/metadata.ts?t=1781078272775:59:5) @ http://localhost:1420/src/core/metadata.ts?t=1781078272775:71
[ 1136687ms] [WARNING] [metadata] failed to index Getting Started.md TypeError: this.cacheSet is not a function
    at Vault.read (http://localhost:1420/src/core/vault.ts?t=1781078291204:82:10)
    at async worker (http://localhost:1420/src/core/metadata.ts?t=1781078272775:69:27)
    at async Promise.all (index 3)
    at async MetadataIndex.indexFiles (http://localhost:1420/src/core/metadata.ts?t=1781078272775:76:5)
    at async MetadataIndex.rebuildAll (http://localhost:1420/src/core/metadata.ts?t=1781078272775:59:5) @ http://localhost:1420/src/core/metadata.ts?t=1781078272775:71
[ 1136687ms] [WARNING] [metadata] failed to index Graph View.md TypeError: this.cacheSet is not a function
    at Vault.read (http://localhost:1420/src/core/vault.ts?t=1781078291204:82:10)
    at async worker (http://localhost:1420/src/core/metadata.ts?t=1781078272775:69:27)
    at async Promise.all (index 4)
    at async MetadataIndex.indexFiles (http://localhost:1420/src/core/metadata.ts?t=1781078272775:76:5)
    at async MetadataIndex.rebuildAll (http://localhost:1420/src/core/metadata.ts?t=1781078272775:59:5) @ http://localhost:1420/src/core/metadata.ts?t=1781078272775:71
[ 1136687ms] [WARNING] [metadata] failed to index Markdown Syntax.md TypeError: this.cacheSet is not a function
    at Vault.read (http://localhost:1420/src/core/vault.ts?t=1781078291204:82:10)
    at async worker (http://localhost:1420/src/core/metadata.ts?t=1781078272775:69:27)
    at async Promise.all (index 5)
    at async MetadataIndex.indexFiles (http://localhost:1420/src/core/metadata.ts?t=1781078272775:76:5)
    at async MetadataIndex.rebuildAll (http://localhost:1420/src/core/metadata.ts?t=1781078272775:59:5) @ http://localhost:1420/src/core/metadata.ts?t=1781078272775:71
[ 1136687ms] [WARNING] [metadata] failed to index Welcome.md TypeError: this.cacheSet is not a function
    at Vault.read (http://localhost:1420/src/core/vault.ts?t=1781078291204:82:10)
    at async worker (http://localhost:1420/src/core/metadata.ts?t=1781078272775:69:27)
    at async Promise.all (index 6)
    at async MetadataIndex.indexFiles (http://localhost:1420/src/core/metadata.ts?t=1781078272775:76:5)
    at async MetadataIndex.rebuildAll (http://localhost:1420/src/core/metadata.ts?t=1781078272775:59:5) @ http://localhost:1420/src/core/metadata.ts?t=1781078272775:71
[ 1136687ms] [WARNING] [metadata] failed to index Wiki Links.md TypeError: this.cacheSet is not a function
    at Vault.read (http://localhost:1420/src/core/vault.ts?t=1781078291204:82:10)
    at async worker (http://localhost:1420/src/core/metadata.ts?t=1781078272775:69:27)
    at async Promise.all (index 7)
    at async MetadataIndex.indexFiles (http://localhost:1420/src/core/metadata.ts?t=1781078272775:76:5)
    at async MetadataIndex.rebuildAll (http://localhost:1420/src/core/metadata.ts?t=1781078272775:59:5) @ http://localhost:1420/src/core/metadata.ts?t=1781078272775:71
[ 1137791ms] TypeError: app.workspace.registerFlusher is not a function
    at http://localhost:1420/src/features/editor/EditorPane.tsx?t=1781078292404:148:35
    at commitHookEffectListMount (http://localhost:1420/node_modules/.vite/deps/chunk-TSRML2OT.js?v=8996e906:16963:34)
    at commitPassiveMountOnFiber (http://localhost:1420/node_modules/.vite/deps/chunk-TSRML2OT.js?v=8996e906:18206:19)
    at commitPassiveMountEffects_complete (http://localhost:1420/node_modules/.vite/deps/chunk-TSRML2OT.js?v=8996e906:18179:17)
    at commitPassiveMountEffects_begin (http://localhost:1420/node_modules/.vite/deps/chunk-TSRML2OT.js?v=8996e906:18169:15)
    at commitPassiveMountEffects (http://localhost:1420/node_modules/.vite/deps/chunk-TSRML2OT.js?v=8996e906:18159:11)
    at flushPassiveEffectsImpl (http://localhost:1420/node_modules/.vite/deps/chunk-TSRML2OT.js?v=8996e906:19543:11)
    at flushPassiveEffects (http://localhost:1420/node_modules/.vite/deps/chunk-TSRML2OT.js?v=8996e906:19500:22)
    at commitRootImpl (http://localhost:1420/node_modules/.vite/deps/chunk-TSRML2OT.js?v=8996e906:19469:13)
    at commitRoot (http://localhost:1420/node_modules/.vite/deps/chunk-TSRML2OT.js?v=8996e906:19330:13)
[ 1137793ms] TypeError: app.workspace.registerFlusher is not a function
    at http://localhost:1420/src/features/editor/EditorPane.tsx?t=1781078292404:148:35
    at commitHookEffectListMount (http://localhost:1420/node_modules/.vite/deps/chunk-TSRML2OT.js?v=8996e906:16963:34)
    at invokePassiveEffectMountInDEV (http://localhost:1420/node_modules/.vite/deps/chunk-TSRML2OT.js?v=8996e906:18374:19)
    at invokeEffectsInDev (http://localhost:1420/node_modules/.vite/deps/chunk-TSRML2OT.js?v=8996e906:19754:19)
    at commitDoubleInvokeEffectsInDEV (http://localhost:1420/node_modules/.vite/deps/chunk-TSRML2OT.js?v=8996e906:19739:15)
    at flushPassiveEffectsImpl (http://localhost:1420/node_modules/.vite/deps/chunk-TSRML2OT.js?v=8996e906:19556:13)
    at flushPassiveEffects (http://localhost:1420/node_modules/.vite/deps/chunk-TSRML2OT.js?v=8996e906:19500:22)
    at commitRootImpl (http://localhost:1420/node_modules/.vite/deps/chunk-TSRML2OT.js?v=8996e906:19469:13)
    at commitRoot (http://localhost:1420/node_modules/.vite/deps/chunk-TSRML2OT.js?v=8996e906:19330:13)
    at performSyncWorkOnRoot (http://localhost:1420/node_modules/.vite/deps/chunk-TSRML2OT.js?v=8996e906:18948:11)
[ 1137794ms] [ERROR] The above error occurred in the <EditorPane> component:

    at EditorPane (http://localhost:1420/src/features/editor/EditorPane.tsx?t=1781078292404:29:30)
    at div
    at main
    at div
    at div
    at App (http://localhost:1420/src/app/App.tsx?t=1781078291204:34:15)
    at ErrorBoundary (http://localhost:1420/src/main.tsx?t=1781078291204:16:1)

React will try to recreate this component tree from scratch using the error boundary you provided, ErrorBoundary. @ http://localhost:1420/node_modules/.vite/deps/chunk-TSRML2OT.js?v=8996e906:14079
[ 1137794ms] [ERROR] [geode] render crashed TypeError: app.workspace.registerFlusher is not a function
    at http://localhost:1420/src/features/editor/EditorPane.tsx?t=1781078292404:148:35
    at commitHookEffectListMount (http://localhost:1420/node_modules/.vite/deps/chunk-TSRML2OT.js?v=8996e906:16963:34)
    at commitPassiveMountOnFiber (http://localhost:1420/node_modules/.vite/deps/chunk-TSRML2OT.js?v=8996e906:18206:19)
    at commitPassiveMountEffects_complete (http://localhost:1420/node_modules/.vite/deps/chunk-TSRML2OT.js?v=8996e906:18179:17)
    at commitPassiveMountEffects_begin (http://localhost:1420/node_modules/.vite/deps/chunk-TSRML2OT.js?v=8996e906:18169:15)
    at commitPassiveMountEffects (http://localhost:1420/node_modules/.vite/deps/chunk-TSRML2OT.js?v=8996e906:18159:11)
    at flushPassiveEffectsImpl (http://localhost:1420/node_modules/.vite/deps/chunk-TSRML2OT.js?v=8996e906:19543:11)
    at flushPassiveEffects (http://localhost:1420/node_modules/.vite/deps/chunk-TSRML2OT.js?v=8996e906:19500:22)
    at commitRootImpl (http://localhost:1420/node_modules/.vite/deps/chunk-TSRML2OT.js?v=8996e906:19469:13)
    at commitRoot (http://localhost:1420/node_modules/.vite/deps/chunk-TSRML2OT.js?v=8996e906:19330:13) {componentStack: 
    at EditorPane (http://localhost:1420/src/feat…localhost:1420/src/main.tsx?t=1781078291204:16:1)} @ http://localhost:1420/src/main.tsx?t=1781078291204:21
[ 1137795ms] [ERROR] The above error occurred in the <EditorPane> component:

    at EditorPane (http://localhost:1420/src/features/editor/EditorPane.tsx?t=1781078292404:29:30)
    at div
    at main
    at div
    at div
    at App (http://localhost:1420/src/app/App.tsx?t=1781078291204:34:15)
    at ErrorBoundary (http://localhost:1420/src/main.tsx?t=1781078291204:16:1)

React will try to recreate this component tree from scratch using the error boundary you provided, ErrorBoundary. @ http://localhost:1420/node_modules/.vite/deps/chunk-TSRML2OT.js?v=8996e906:14079
[ 1137795ms] [ERROR] [geode] render crashed TypeError: app.workspace.registerFlusher is not a function
    at http://localhost:1420/src/features/editor/EditorPane.tsx?t=1781078292404:148:35
    at commitHookEffectListMount (http://localhost:1420/node_modules/.vite/deps/chunk-TSRML2OT.js?v=8996e906:16963:34)
    at invokePassiveEffectMountInDEV (http://localhost:1420/node_modules/.vite/deps/chunk-TSRML2OT.js?v=8996e906:18374:19)
    at invokeEffectsInDev (http://localhost:1420/node_modules/.vite/deps/chunk-TSRML2OT.js?v=8996e906:19754:19)
    at commitDoubleInvokeEffectsInDEV (http://localhost:1420/node_modules/.vite/deps/chunk-TSRML2OT.js?v=8996e906:19739:15)
    at flushPassiveEffectsImpl (http://localhost:1420/node_modules/.vite/deps/chunk-TSRML2OT.js?v=8996e906:19556:13)
    at flushPassiveEffects (http://localhost:1420/node_modules/.vite/deps/chunk-TSRML2OT.js?v=8996e906:19500:22)
    at commitRootImpl (http://localhost:1420/node_modules/.vite/deps/chunk-TSRML2OT.js?v=8996e906:19469:13)
    at commitRoot (http://localhost:1420/node_modules/.vite/deps/chunk-TSRML2OT.js?v=8996e906:19330:13)
    at performSyncWorkOnRoot (http://localhost:1420/node_modules/.vite/deps/chunk-TSRML2OT.js?v=8996e906:18948:11) {componentStack: 
    at EditorPane (http://localhost:1420/src/feat…localhost:1420/src/main.tsx?t=1781078291204:16:1)} @ http://localhost:1420/src/main.tsx?t=1781078291204:21
[ 1143963ms] [WARNING] [metadata] failed to index Daily Notes/2026-06-09.md TypeError: this.cacheSet is not a function
    at Vault.read (http://localhost:1420/src/core/vault.ts?t=1781078298596:82:10)
    at async worker (http://localhost:1420/src/core/metadata.ts?t=1781078272775:69:27)
    at async Promise.all (index 0)
    at async MetadataIndex.indexFiles (http://localhost:1420/src/core/metadata.ts?t=1781078272775:76:5)
    at async MetadataIndex.rebuildAll (http://localhost:1420/src/core/metadata.ts?t=1781078272775:59:5) @ http://localhost:1420/src/core/metadata.ts?t=1781078272775:71
[ 1143963ms] [WARNING] [metadata] failed to index Daily Notes/2026-06-10.md TypeError: this.cacheSet is not a function
    at Vault.read (http://localhost:1420/src/core/vault.ts?t=1781078298596:82:10)
    at async worker (http://localhost:1420/src/core/metadata.ts?t=1781078272775:69:27)
    at async Promise.all (index 1)
    at async MetadataIndex.indexFiles (http://localhost:1420/src/core/metadata.ts?t=1781078272775:76:5)
    at async MetadataIndex.rebuildAll (http://localhost:1420/src/core/metadata.ts?t=1781078272775:59:5) @ http://localhost:1420/src/core/metadata.ts?t=1781078272775:71
[ 1143963ms] [WARNING] [metadata] failed to index Projects/Geode Roadmap.md TypeError: this.cacheSet is not a function
    at Vault.read (http://localhost:1420/src/core/vault.ts?t=1781078298596:82:10)
    at async worker (http://localhost:1420/src/core/metadata.ts?t=1781078272775:69:27)
    at async Promise.all (index 2)
    at async MetadataIndex.indexFiles (http://localhost:1420/src/core/metadata.ts?t=1781078272775:76:5)
    at async MetadataIndex.rebuildAll (http://localhost:1420/src/core/metadata.ts?t=1781078272775:59:5) @ http://localhost:1420/src/core/metadata.ts?t=1781078272775:71
[ 1143963ms] [WARNING] [metadata] failed to index Getting Started.md TypeError: this.cacheSet is not a function
    at Vault.read (http://localhost:1420/src/core/vault.ts?t=1781078298596:82:10)
    at async worker (http://localhost:1420/src/core/metadata.ts?t=1781078272775:69:27)
    at async Promise.all (index 3)
    at async MetadataIndex.indexFiles (http://localhost:1420/src/core/metadata.ts?t=1781078272775:76:5)
    at async MetadataIndex.rebuildAll (http://localhost:1420/src/core/metadata.ts?t=1781078272775:59:5) @ http://localhost:1420/src/core/metadata.ts?t=1781078272775:71
[ 1143963ms] [WARNING] [metadata] failed to index Graph View.md TypeError: this.cacheSet is not a function
    at Vault.read (http://localhost:1420/src/core/vault.ts?t=1781078298596:82:10)
    at async worker (http://localhost:1420/src/core/metadata.ts?t=1781078272775:69:27)
    at async Promise.all (index 4)
    at async MetadataIndex.indexFiles (http://localhost:1420/src/core/metadata.ts?t=1781078272775:76:5)
    at async MetadataIndex.rebuildAll (http://localhost:1420/src/core/metadata.ts?t=1781078272775:59:5) @ http://localhost:1420/src/core/metadata.ts?t=1781078272775:71
[ 1143963ms] [WARNING] [metadata] failed to index Markdown Syntax.md TypeError: this.cacheSet is not a function
    at Vault.read (http://localhost:1420/src/core/vault.ts?t=1781078298596:82:10)
    at async worker (http://localhost:1420/src/core/metadata.ts?t=1781078272775:69:27)
    at async Promise.all (index 5)
    at async MetadataIndex.indexFiles (http://localhost:1420/src/core/metadata.ts?t=1781078272775:76:5)
    at async MetadataIndex.rebuildAll (http://localhost:1420/src/core/metadata.ts?t=1781078272775:59:5) @ http://localhost:1420/src/core/metadata.ts?t=1781078272775:71
[ 1143963ms] [WARNING] [metadata] failed to index Welcome.md TypeError: this.cacheSet is not a function
    at Vault.read (http://localhost:1420/src/core/vault.ts?t=1781078298596:82:10)
    at async worker (http://localhost:1420/src/core/metadata.ts?t=1781078272775:69:27)
    at async Promise.all (index 6)
    at async MetadataIndex.indexFiles (http://localhost:1420/src/core/metadata.ts?t=1781078272775:76:5)
    at async MetadataIndex.rebuildAll (http://localhost:1420/src/core/metadata.ts?t=1781078272775:59:5) @ http://localhost:1420/src/core/metadata.ts?t=1781078272775:71
[ 1143963ms] [WARNING] [metadata] failed to index Wiki Links.md TypeError: this.cacheSet is not a function
    at Vault.read (http://localhost:1420/src/core/vault.ts?t=1781078298596:82:10)
    at async worker (http://localhost:1420/src/core/metadata.ts?t=1781078272775:69:27)
    at async Promise.all (index 7)
    at async MetadataIndex.indexFiles (http://localhost:1420/src/core/metadata.ts?t=1781078272775:76:5)
    at async MetadataIndex.rebuildAll (http://localhost:1420/src/core/metadata.ts?t=1781078272775:59:5) @ http://localhost:1420/src/core/metadata.ts?t=1781078272775:71
[ 1143964ms] [ERROR] Warning: You are calling ReactDOMClient.createRoot() on a container that has already been passed to createRoot() before. Instead, call root.render() on the existing root instead if you want to update it. @ http://localhost:1420/node_modules/.vite/deps/chunk-TSRML2OT.js?v=8996e906:520
[ 1143968ms] TypeError: app.workspace.registerFlusher is not a function
    at http://localhost:1420/src/features/editor/EditorPane.tsx?t=1781078298596:148:35
    at commitHookEffectListMount (http://localhost:1420/node_modules/.vite/deps/chunk-TSRML2OT.js?v=8996e906:16963:34)
    at commitPassiveMountOnFiber (http://localhost:1420/node_modules/.vite/deps/chunk-TSRML2OT.js?v=8996e906:18206:19)
    at commitPassiveMountEffects_complete (http://localhost:1420/node_modules/.vite/deps/chunk-TSRML2OT.js?v=8996e906:18179:17)
    at commitPassiveMountEffects_begin (http://localhost:1420/node_modules/.vite/deps/chunk-TSRML2OT.js?v=8996e906:18169:15)
    at commitPassiveMountEffects (http://localhost:1420/node_modules/.vite/deps/chunk-TSRML2OT.js?v=8996e906:18159:11)
    at flushPassiveEffectsImpl (http://localhost:1420/node_modules/.vite/deps/chunk-TSRML2OT.js?v=8996e906:19543:11)
    at flushPassiveEffects (http://localhost:1420/node_modules/.vite/deps/chunk-TSRML2OT.js?v=8996e906:19500:22)
    at http://localhost:1420/node_modules/.vite/deps/chunk-TSRML2OT.js?v=8996e906:19381:17
    at workLoop (http://localhost:1420/node_modules/.vite/deps/chunk-TSRML2OT.js?v=8996e906:197:42)
[ 1143970ms] TypeError: app.workspace.registerFlusher is not a function
    at http://localhost:1420/src/features/editor/EditorPane.tsx?t=1781078298596:148:35
    at commitHookEffectListMount (http://localhost:1420/node_modules/.vite/deps/chunk-TSRML2OT.js?v=8996e906:16963:34)
    at invokePassiveEffectMountInDEV (http://localhost:1420/node_modules/.vite/deps/chunk-TSRML2OT.js?v=8996e906:18374:19)
    at invokeEffectsInDev (http://localhost:1420/node_modules/.vite/deps/chunk-TSRML2OT.js?v=8996e906:19754:19)
    at commitDoubleInvokeEffectsInDEV (http://localhost:1420/node_modules/.vite/deps/chunk-TSRML2OT.js?v=8996e906:19739:15)
    at flushPassiveEffectsImpl (http://localhost:1420/node_modules/.vite/deps/chunk-TSRML2OT.js?v=8996e906:19556:13)
    at flushPassiveEffects (http://localhost:1420/node_modules/.vite/deps/chunk-TSRML2OT.js?v=8996e906:19500:22)
    at http://localhost:1420/node_modules/.vite/deps/chunk-TSRML2OT.js?v=8996e906:19381:17
    at workLoop (http://localhost:1420/node_modules/.vite/deps/chunk-TSRML2OT.js?v=8996e906:197:42)
    at flushWork (http://localhost:1420/node_modules/.vite/deps/chunk-TSRML2OT.js?v=8996e906:176:22)
[ 1143971ms] [ERROR] The above error occurred in the <EditorPane> component:

    at EditorPane (http://localhost:1420/src/features/editor/EditorPane.tsx?t=1781078298596:29:30)
    at div
    at main
    at div
    at div
    at App (http://localhost:1420/src/app/App.tsx?t=1781078298596:34:15)
    at ErrorBoundary (http://localhost:1420/src/main.tsx?t=1781078298596:16:1)

React will try to recreate this component tree from scratch using the error boundary you provided, ErrorBoundary. @ http://localhost:1420/node_modules/.vite/deps/chunk-TSRML2OT.js?v=8996e906:14079
[ 1143971ms] [ERROR] [geode] render crashed TypeError: app.workspace.registerFlusher is not a function
    at http://localhost:1420/src/features/editor/EditorPane.tsx?t=1781078298596:148:35
    at commitHookEffectListMount (http://localhost:1420/node_modules/.vite/deps/chunk-TSRML2OT.js?v=8996e906:16963:34)
    at commitPassiveMountOnFiber (http://localhost:1420/node_modules/.vite/deps/chunk-TSRML2OT.js?v=8996e906:18206:19)
    at commitPassiveMountEffects_complete (http://localhost:1420/node_modules/.vite/deps/chunk-TSRML2OT.js?v=8996e906:18179:17)
    at commitPassiveMountEffects_begin (http://localhost:1420/node_modules/.vite/deps/chunk-TSRML2OT.js?v=8996e906:18169:15)
    at commitPassiveMountEffects (http://localhost:1420/node_modules/.vite/deps/chunk-TSRML2OT.js?v=8996e906:18159:11)
    at flushPassiveEffectsImpl (http://localhost:1420/node_modules/.vite/deps/chunk-TSRML2OT.js?v=8996e906:19543:11)
    at flushPassiveEffects (http://localhost:1420/node_modules/.vite/deps/chunk-TSRML2OT.js?v=8996e906:19500:22)
    at http://localhost:1420/node_modules/.vite/deps/chunk-TSRML2OT.js?v=8996e906:19381:17
    at workLoop (http://localhost:1420/node_modules/.vite/deps/chunk-TSRML2OT.js?v=8996e906:197:42) {componentStack: 
    at EditorPane (http://localhost:1420/src/feat…localhost:1420/src/main.tsx?t=1781078298596:16:1)} @ http://localhost:1420/src/main.tsx?t=1781078298596:21
[ 1143971ms] [ERROR] The above error occurred in the <EditorPane> component:

    at EditorPane (http://localhost:1420/src/features/editor/EditorPane.tsx?t=1781078298596:29:30)
    at div
    at main
    at div
    at div
    at App (http://localhost:1420/src/app/App.tsx?t=1781078298596:34:15)
    at ErrorBoundary (http://localhost:1420/src/main.tsx?t=1781078298596:16:1)

React will try to recreate this component tree from scratch using the error boundary you provided, ErrorBoundary. @ http://localhost:1420/node_modules/.vite/deps/chunk-TSRML2OT.js?v=8996e906:14079
[ 1143971ms] [ERROR] [geode] render crashed TypeError: app.workspace.registerFlusher is not a function
    at http://localhost:1420/src/features/editor/EditorPane.tsx?t=1781078298596:148:35
    at commitHookEffectListMount (http://localhost:1420/node_modules/.vite/deps/chunk-TSRML2OT.js?v=8996e906:16963:34)
    at invokePassiveEffectMountInDEV (http://localhost:1420/node_modules/.vite/deps/chunk-TSRML2OT.js?v=8996e906:18374:19)
    at invokeEffectsInDev (http://localhost:1420/node_modules/.vite/deps/chunk-TSRML2OT.js?v=8996e906:19754:19)
    at commitDoubleInvokeEffectsInDEV (http://localhost:1420/node_modules/.vite/deps/chunk-TSRML2OT.js?v=8996e906:19739:15)
    at flushPassiveEffectsImpl (http://localhost:1420/node_modules/.vite/deps/chunk-TSRML2OT.js?v=8996e906:19556:13)
    at flushPassiveEffects (http://localhost:1420/node_modules/.vite/deps/chunk-TSRML2OT.js?v=8996e906:19500:22)
    at http://localhost:1420/node_modules/.vite/deps/chunk-TSRML2OT.js?v=8996e906:19381:17
    at workLoop (http://localhost:1420/node_modules/.vite/deps/chunk-TSRML2OT.js?v=8996e906:197:42)
    at flushWork (http://localhost:1420/node_modules/.vite/deps/chunk-TSRML2OT.js?v=8996e906:176:22) {componentStack: 
    at EditorPane (http://localhost:1420/src/feat…localhost:1420/src/main.tsx?t=1781078298596:16:1)} @ http://localhost:1420/src/main.tsx?t=1781078298596:21
[ 1143983ms] NotFoundError: Failed to execute 'removeChild' on 'Node': The node to be removed is not a child of this node.
    at removeChildFromContainer (http://localhost:1420/node_modules/.vite/deps/chunk-TSRML2OT.js?v=8996e906:8509:23)
    at commitDeletionEffectsOnFiber (http://localhost:1420/node_modules/.vite/deps/chunk-TSRML2OT.js?v=8996e906:17558:21)
    at recursivelyTraverseDeletionEffects (http://localhost:1420/node_modules/.vite/deps/chunk-TSRML2OT.js?v=8996e906:17535:13)
    at commitDeletionEffectsOnFiber (http://localhost:1420/node_modules/.vite/deps/chunk-TSRML2OT.js?v=8996e906:17638:15)
    at commitDeletionEffects (http://localhost:1420/node_modules/.vite/deps/chunk-TSRML2OT.js?v=8996e906:17526:13)
    at recursivelyTraverseMutationEffects (http://localhost:1420/node_modules/.vite/deps/chunk-TSRML2OT.js?v=8996e906:17724:17)
    at commitMutationEffectsOnFiber (http://localhost:1420/node_modules/.vite/deps/chunk-TSRML2OT.js?v=8996e906:17946:15)
    at recursivelyTraverseMutationEffects (http://localhost:1420/node_modules/.vite/deps/chunk-TSRML2OT.js?v=8996e906:17735:15)
    at commitMutationEffectsOnFiber (http://localhost:1420/node_modules/.vite/deps/chunk-TSRML2OT.js?v=8996e906:17844:15)
    at commitMutationEffects (http://localhost:1420/node_modules/.vite/deps/chunk-TSRML2OT.js?v=8996e906:17713:11)
[ 1143983ms] TypeError: app.workspace.registerFlusher is not a function
    at http://localhost:1420/src/features/editor/EditorPane.tsx?t=1781078298596:148:35
    at commitHookEffectListMount (http://localhost:1420/node_modules/.vite/deps/chunk-TSRML2OT.js?v=8996e906:16963:34)
    at commitPassiveMountOnFiber (http://localhost:1420/node_modules/.vite/deps/chunk-TSRML2OT.js?v=8996e906:18206:19)
    at commitPassiveMountEffects_complete (http://localhost:1420/node_modules/.vite/deps/chunk-TSRML2OT.js?v=8996e906:18179:17)
    at commitPassiveMountEffects_begin (http://localhost:1420/node_modules/.vite/deps/chunk-TSRML2OT.js?v=8996e906:18169:15)
    at commitPassiveMountEffects (http://localhost:1420/node_modules/.vite/deps/chunk-TSRML2OT.js?v=8996e906:18159:11)
    at flushPassiveEffectsImpl (http://localhost:1420/node_modules/.vite/deps/chunk-TSRML2OT.js?v=8996e906:19543:11)
    at flushPassiveEffects (http://localhost:1420/node_modules/.vite/deps/chunk-TSRML2OT.js?v=8996e906:19500:22)
    at commitRootImpl (http://localhost:1420/node_modules/.vite/deps/chunk-TSRML2OT.js?v=8996e906:19469:13)
    at commitRoot (http://localhost:1420/node_modules/.vite/deps/chunk-TSRML2OT.js?v=8996e906:19330:13)
[ 1143984ms] TypeError: app.workspace.registerFlusher is not a function
    at http://localhost:1420/src/features/editor/EditorPane.tsx?t=1781078298596:148:35
    at commitHookEffectListMount (http://localhost:1420/node_modules/.vite/deps/chunk-TSRML2OT.js?v=8996e906:16963:34)
    at invokePassiveEffectMountInDEV (http://localhost:1420/node_modules/.vite/deps/chunk-TSRML2OT.js?v=8996e906:18374:19)
    at invokeEffectsInDev (http://localhost:1420/node_modules/.vite/deps/chunk-TSRML2OT.js?v=8996e906:19754:19)
    at commitDoubleInvokeEffectsInDEV (http://localhost:1420/node_modules/.vite/deps/chunk-TSRML2OT.js?v=8996e906:19739:15)
    at flushPassiveEffectsImpl (http://localhost:1420/node_modules/.vite/deps/chunk-TSRML2OT.js?v=8996e906:19556:13)
    at flushPassiveEffects (http://localhost:1420/node_modules/.vite/deps/chunk-TSRML2OT.js?v=8996e906:19500:22)
    at commitRootImpl (http://localhost:1420/node_modules/.vite/deps/chunk-TSRML2OT.js?v=8996e906:19469:13)
    at commitRoot (http://localhost:1420/node_modules/.vite/deps/chunk-TSRML2OT.js?v=8996e906:19330:13)
    at performSyncWorkOnRoot (http://localhost:1420/node_modules/.vite/deps/chunk-TSRML2OT.js?v=8996e906:18948:11)
[ 1143985ms] [ERROR] The above error occurred in the <ErrorBoundary> component:

    at ErrorBoundary (http://localhost:1420/src/main.tsx?t=1781078291204:16:1)

Consider adding an error boundary to your tree to customize error handling behavior.
Visit https://reactjs.org/link/error-boundaries to learn more about error boundaries. @ http://localhost:1420/node_modules/.vite/deps/chunk-TSRML2OT.js?v=8996e906:14079
[ 1143987ms] TypeError: app.workspace.registerFlusher is not a function
    at http://localhost:1420/src/features/editor/EditorPane.tsx?t=1781078298596:148:35
    at commitHookEffectListMount (http://localhost:1420/node_modules/.vite/deps/chunk-TSRML2OT.js?v=8996e906:16963:34)
    at commitPassiveMountOnFiber (http://localhost:1420/node_modules/.vite/deps/chunk-TSRML2OT.js?v=8996e906:18206:19)
    at commitPassiveMountEffects_complete (http://localhost:1420/node_modules/.vite/deps/chunk-TSRML2OT.js?v=8996e906:18179:17)
    at commitPassiveMountEffects_begin (http://localhost:1420/node_modules/.vite/deps/chunk-TSRML2OT.js?v=8996e906:18169:15)
    at commitPassiveMountEffects (http://localhost:1420/node_modules/.vite/deps/chunk-TSRML2OT.js?v=8996e906:18159:11)
    at flushPassiveEffectsImpl (http://localhost:1420/node_modules/.vite/deps/chunk-TSRML2OT.js?v=8996e906:19543:11)
    at flushPassiveEffects (http://localhost:1420/node_modules/.vite/deps/chunk-TSRML2OT.js?v=8996e906:19500:22)
    at commitRootImpl (http://localhost:1420/node_modules/.vite/deps/chunk-TSRML2OT.js?v=8996e906:19469:13)
    at commitRoot (http://localhost:1420/node_modules/.vite/deps/chunk-TSRML2OT.js?v=8996e906:19330:13)
[ 1143987ms] TypeError: app.workspace.registerFlusher is not a function
    at http://localhost:1420/src/features/editor/EditorPane.tsx?t=1781078298596:148:35
    at commitHookEffectListMount (http://localhost:1420/node_modules/.vite/deps/chunk-TSRML2OT.js?v=8996e906:16963:34)
    at invokePassiveEffectMountInDEV (http://localhost:1420/node_modules/.vite/deps/chunk-TSRML2OT.js?v=8996e906:18374:19)
    at invokeEffectsInDev (http://localhost:1420/node_modules/.vite/deps/chunk-TSRML2OT.js?v=8996e906:19754:19)
    at commitDoubleInvokeEffectsInDEV (http://localhost:1420/node_modules/.vite/deps/chunk-TSRML2OT.js?v=8996e906:19739:15)
    at flushPassiveEffectsImpl (http://localhost:1420/node_modules/.vite/deps/chunk-TSRML2OT.js?v=8996e906:19556:13)
    at flushPassiveEffects (http://localhost:1420/node_modules/.vite/deps/chunk-TSRML2OT.js?v=8996e906:19500:22)
    at commitRootImpl (http://localhost:1420/node_modules/.vite/deps/chunk-TSRML2OT.js?v=8996e906:19469:13)
    at commitRoot (http://localhost:1420/node_modules/.vite/deps/chunk-TSRML2OT.js?v=8996e906:19330:13)
    at performSyncWorkOnRoot (http://localhost:1420/node_modules/.vite/deps/chunk-TSRML2OT.js?v=8996e906:18948:11)
[ 1143988ms] [ERROR] The above error occurred in the <EditorPane> component:

    at EditorPane (http://localhost:1420/src/features/editor/EditorPane.tsx?t=1781078298596:29:30)
    at div
    at main
    at div
    at div
    at App (http://localhost:1420/src/app/App.tsx?t=1781078298596:34:15)
    at ErrorBoundary (http://localhost:1420/src/main.tsx?t=1781078298596:16:1)

React will try to recreate this component tree from scratch using the error boundary you provided, ErrorBoundary. @ http://localhost:1420/node_modules/.vite/deps/chunk-TSRML2OT.js?v=8996e906:14079
[ 1143989ms] [ERROR] [geode] render crashed TypeError: app.workspace.registerFlusher is not a function
    at http://localhost:1420/src/features/editor/EditorPane.tsx?t=1781078298596:148:35
    at commitHookEffectListMount (http://localhost:1420/node_modules/.vite/deps/chunk-TSRML2OT.js?v=8996e906:16963:34)
    at commitPassiveMountOnFiber (http://localhost:1420/node_modules/.vite/deps/chunk-TSRML2OT.js?v=8996e906:18206:19)
    at commitPassiveMountEffects_complete (http://localhost:1420/node_modules/.vite/deps/chunk-TSRML2OT.js?v=8996e906:18179:17)
    at commitPassiveMountEffects_begin (http://localhost:1420/node_modules/.vite/deps/chunk-TSRML2OT.js?v=8996e906:18169:15)
    at commitPassiveMountEffects (http://localhost:1420/node_modules/.vite/deps/chunk-TSRML2OT.js?v=8996e906:18159:11)
    at flushPassiveEffectsImpl (http://localhost:1420/node_modules/.vite/deps/chunk-TSRML2OT.js?v=8996e906:19543:11)
    at flushPassiveEffects (http://localhost:1420/node_modules/.vite/deps/chunk-TSRML2OT.js?v=8996e906:19500:22)
    at commitRootImpl (http://localhost:1420/node_modules/.vite/deps/chunk-TSRML2OT.js?v=8996e906:19469:13)
    at commitRoot (http://localhost:1420/node_modules/.vite/deps/chunk-TSRML2OT.js?v=8996e906:19330:13) {componentStack: 
    at EditorPane (http://localhost:1420/src/feat…localhost:1420/src/main.tsx?t=1781078298596:16:1)} @ http://localhost:1420/src/main.tsx?t=1781078298596:21
[ 1143989ms] [ERROR] The above error occurred in the <EditorPane> component:

    at EditorPane (http://localhost:1420/src/features/editor/EditorPane.tsx?t=1781078298596:29:30)
    at div
    at main
    at div
    at div
    at App (http://localhost:1420/src/app/App.tsx?t=1781078298596:34:15)
    at ErrorBoundary (http://localhost:1420/src/main.tsx?t=1781078298596:16:1)

React will try to recreate this component tree from scratch using the error boundary you provided, ErrorBoundary. @ http://localhost:1420/node_modules/.vite/deps/chunk-TSRML2OT.js?v=8996e906:14079
[ 1143989ms] [ERROR] [geode] render crashed TypeError: app.workspace.registerFlusher is not a function
    at http://localhost:1420/src/features/editor/EditorPane.tsx?t=1781078298596:148:35
    at commitHookEffectListMount (http://localhost:1420/node_modules/.vite/deps/chunk-TSRML2OT.js?v=8996e906:16963:34)
    at invokePassiveEffectMountInDEV (http://localhost:1420/node_modules/.vite/deps/chunk-TSRML2OT.js?v=8996e906:18374:19)
    at invokeEffectsInDev (http://localhost:1420/node_modules/.vite/deps/chunk-TSRML2OT.js?v=8996e906:19754:19)
    at commitDoubleInvokeEffectsInDEV (http://localhost:1420/node_modules/.vite/deps/chunk-TSRML2OT.js?v=8996e906:19739:15)
    at flushPassiveEffectsImpl (http://localhost:1420/node_modules/.vite/deps/chunk-TSRML2OT.js?v=8996e906:19556:13)
    at flushPassiveEffects (http://localhost:1420/node_modules/.vite/deps/chunk-TSRML2OT.js?v=8996e906:19500:22)
    at commitRootImpl (http://localhost:1420/node_modules/.vite/deps/chunk-TSRML2OT.js?v=8996e906:19469:13)
    at commitRoot (http://localhost:1420/node_modules/.vite/deps/chunk-TSRML2OT.js?v=8996e906:19330:13)
    at performSyncWorkOnRoot (http://localhost:1420/node_modules/.vite/deps/chunk-TSRML2OT.js?v=8996e906:18948:11) {componentStack: 
    at EditorPane (http://localhost:1420/src/feat…localhost:1420/src/main.tsx?t=1781078298596:16:1)} @ http://localhost:1420/src/main.tsx?t=1781078298596:21
[ 1143989ms] NotFoundError: Failed to execute 'removeChild' on 'Node': The node to be removed is not a child of this node.
    at removeChildFromContainer (http://localhost:1420/node_modules/.vite/deps/chunk-TSRML2OT.js?v=8996e906:8509:23)
    at commitDeletionEffectsOnFiber (http://localhost:1420/node_modules/.vite/deps/chunk-TSRML2OT.js?v=8996e906:17558:21)
    at recursivelyTraverseDeletionEffects (http://localhost:1420/node_modules/.vite/deps/chunk-TSRML2OT.js?v=8996e906:17535:13)
    at commitDeletionEffectsOnFiber (http://localhost:1420/node_modules/.vite/deps/chunk-TSRML2OT.js?v=8996e906:17638:15)
    at commitDeletionEffects (http://localhost:1420/node_modules/.vite/deps/chunk-TSRML2OT.js?v=8996e906:17526:13)
    at recursivelyTraverseMutationEffects (http://localhost:1420/node_modules/.vite/deps/chunk-TSRML2OT.js?v=8996e906:17724:17)
    at commitMutationEffectsOnFiber (http://localhost:1420/node_modules/.vite/deps/chunk-TSRML2OT.js?v=8996e906:17946:15)
    at recursivelyTraverseMutationEffects (http://localhost:1420/node_modules/.vite/deps/chunk-TSRML2OT.js?v=8996e906:17735:15)
    at commitMutationEffectsOnFiber (http://localhost:1420/node_modules/.vite/deps/chunk-TSRML2OT.js?v=8996e906:17844:15)
    at commitMutationEffects (http://localhost:1420/node_modules/.vite/deps/chunk-TSRML2OT.js?v=8996e906:17713:11)
[ 1144065ms] [INFO] %cDownload the React DevTools for a better development experience: https://reactjs.org/link/react-devtools font-weight:bold @ http://localhost:1420/node_modules/.vite/deps/chunk-TSRML2OT.js?v=8996e906:21608
[ 1144074ms] [WARNING] [metadata] failed to index Daily Notes/2026-06-09.md TypeError: this.cacheSet is not a function
    at Vault.read (http://localhost:1420/src/core/vault.ts?t=1781078298596:82:10)
    at async worker (http://localhost:1420/src/core/metadata.ts?t=1781078272775:69:27)
    at async Promise.all (index 0)
    at async MetadataIndex.indexFiles (http://localhost:1420/src/core/metadata.ts?t=1781078272775:76:5)
    at async MetadataIndex.rebuildAll (http://localhost:1420/src/core/metadata.ts?t=1781078272775:59:5) @ http://localhost:1420/src/core/metadata.ts?t=1781078272775:71
[ 1144075ms] [WARNING] [metadata] failed to index Daily Notes/2026-06-10.md TypeError: this.cacheSet is not a function
    at Vault.read (http://localhost:1420/src/core/vault.ts?t=1781078298596:82:10)
    at async worker (http://localhost:1420/src/core/metadata.ts?t=1781078272775:69:27)
    at async Promise.all (index 1)
    at async MetadataIndex.indexFiles (http://localhost:1420/src/core/metadata.ts?t=1781078272775:76:5)
    at async MetadataIndex.rebuildAll (http://localhost:1420/src/core/metadata.ts?t=1781078272775:59:5) @ http://localhost:1420/src/core/metadata.ts?t=1781078272775:71
[ 1144075ms] [WARNING] [metadata] failed to index Projects/Geode Roadmap.md TypeError: this.cacheSet is not a function
    at Vault.read (http://localhost:1420/src/core/vault.ts?t=1781078298596:82:10)
    at async worker (http://localhost:1420/src/core/metadata.ts?t=1781078272775:69:27)
    at async Promise.all (index 2)
    at async MetadataIndex.indexFiles (http://localhost:1420/src/core/metadata.ts?t=1781078272775:76:5)
    at async MetadataIndex.rebuildAll (http://localhost:1420/src/core/metadata.ts?t=1781078272775:59:5) @ http://localhost:1420/src/core/metadata.ts?t=1781078272775:71
[ 1144075ms] [WARNING] [metadata] failed to index Getting Started.md TypeError: this.cacheSet is not a function
    at Vault.read (http://localhost:1420/src/core/vault.ts?t=1781078298596:82:10)
    at async worker (http://localhost:1420/src/core/metadata.ts?t=1781078272775:69:27)
    at async Promise.all (index 3)
    at async MetadataIndex.indexFiles (http://localhost:1420/src/core/metadata.ts?t=1781078272775:76:5)
    at async MetadataIndex.rebuildAll (http://localhost:1420/src/core/metadata.ts?t=1781078272775:59:5) @ http://localhost:1420/src/core/metadata.ts?t=1781078272775:71
[ 1144075ms] [WARNING] [metadata] failed to index Graph View.md TypeError: this.cacheSet is not a function
    at Vault.read (http://localhost:1420/src/core/vault.ts?t=1781078298596:82:10)
    at async worker (http://localhost:1420/src/core/metadata.ts?t=1781078272775:69:27)
    at async Promise.all (index 4)
    at async MetadataIndex.indexFiles (http://localhost:1420/src/core/metadata.ts?t=1781078272775:76:5)
    at async MetadataIndex.rebuildAll (http://localhost:1420/src/core/metadata.ts?t=1781078272775:59:5) @ http://localhost:1420/src/core/metadata.ts?t=1781078272775:71
[ 1144075ms] [WARNING] [metadata] failed to index Markdown Syntax.md TypeError: this.cacheSet is not a function
    at Vault.read (http://localhost:1420/src/core/vault.ts?t=1781078298596:82:10)
    at async worker (http://localhost:1420/src/core/metadata.ts?t=1781078272775:69:27)
    at async Promise.all (index 5)
    at async MetadataIndex.indexFiles (http://localhost:1420/src/core/metadata.ts?t=1781078272775:76:5)
    at async MetadataIndex.rebuildAll (http://localhost:1420/src/core/metadata.ts?t=1781078272775:59:5) @ http://localhost:1420/src/core/metadata.ts?t=1781078272775:71
[ 1144075ms] [WARNING] [metadata] failed to index Welcome.md TypeError: this.cacheSet is not a function
    at Vault.read (http://localhost:1420/src/core/vault.ts?t=1781078298596:82:10)
    at async worker (http://localhost:1420/src/core/metadata.ts?t=1781078272775:69:27)
    at async Promise.all (index 6)
    at async MetadataIndex.indexFiles (http://localhost:1420/src/core/metadata.ts?t=1781078272775:76:5)
    at async MetadataIndex.rebuildAll (http://localhost:1420/src/core/metadata.ts?t=1781078272775:59:5) @ http://localhost:1420/src/core/metadata.ts?t=1781078272775:71
[ 1144075ms] [WARNING] [metadata] failed to index Wiki Links.md TypeError: this.cacheSet is not a function
    at Vault.read (http://localhost:1420/src/core/vault.ts?t=1781078298596:82:10)
    at async worker (http://localhost:1420/src/core/metadata.ts?t=1781078272775:69:27)
    at async Promise.all (index 7)
    at async MetadataIndex.indexFiles (http://localhost:1420/src/core/metadata.ts?t=1781078272775:76:5)
    at async MetadataIndex.rebuildAll (http://localhost:1420/src/core/metadata.ts?t=1781078272775:59:5) @ http://localhost:1420/src/core/metadata.ts?t=1781078272775:71
[ 1144092ms] TypeError: app.workspace.registerFlusher is not a function
    at http://localhost:1420/src/features/editor/EditorPane.tsx?t=1781078298596:148:35
    at commitHookEffectListMount (http://localhost:1420/node_modules/.vite/deps/chunk-TSRML2OT.js?v=8996e906:16963:34)
    at commitPassiveMountOnFiber (http://localhost:1420/node_modules/.vite/deps/chunk-TSRML2OT.js?v=8996e906:18206:19)
    at commitPassiveMountEffects_complete (http://localhost:1420/node_modules/.vite/deps/chunk-TSRML2OT.js?v=8996e906:18179:17)
    at commitPassiveMountEffects_begin (http://localhost:1420/node_modules/.vite/deps/chunk-TSRML2OT.js?v=8996e906:18169:15)
    at commitPassiveMountEffects (http://localhost:1420/node_modules/.vite/deps/chunk-TSRML2OT.js?v=8996e906:18159:11)
    at flushPassiveEffectsImpl (http://localhost:1420/node_modules/.vite/deps/chunk-TSRML2OT.js?v=8996e906:19543:11)
    at flushPassiveEffects (http://localhost:1420/node_modules/.vite/deps/chunk-TSRML2OT.js?v=8996e906:19500:22)
    at http://localhost:1420/node_modules/.vite/deps/chunk-TSRML2OT.js?v=8996e906:19381:17
    at workLoop (http://localhost:1420/node_modules/.vite/deps/chunk-TSRML2OT.js?v=8996e906:197:42)
[ 1144092ms] TypeError: app.workspace.registerFlusher is not a function
    at http://localhost:1420/src/features/editor/EditorPane.tsx?t=1781078298596:148:35
    at commitHookEffectListMount (http://localhost:1420/node_modules/.vite/deps/chunk-TSRML2OT.js?v=8996e906:16963:34)
    at invokePassiveEffectMountInDEV (http://localhost:1420/node_modules/.vite/deps/chunk-TSRML2OT.js?v=8996e906:18374:19)
    at invokeEffectsInDev (http://localhost:1420/node_modules/.vite/deps/chunk-TSRML2OT.js?v=8996e906:19754:19)
    at commitDoubleInvokeEffectsInDEV (http://localhost:1420/node_modules/.vite/deps/chunk-TSRML2OT.js?v=8996e906:19739:15)
    at flushPassiveEffectsImpl (http://localhost:1420/node_modules/.vite/deps/chunk-TSRML2OT.js?v=8996e906:19556:13)
    at flushPassiveEffects (http://localhost:1420/node_modules/.vite/deps/chunk-TSRML2OT.js?v=8996e906:19500:22)
    at http://localhost:1420/node_modules/.vite/deps/chunk-TSRML2OT.js?v=8996e906:19381:17
    at workLoop (http://localhost:1420/node_modules/.vite/deps/chunk-TSRML2OT.js?v=8996e906:197:42)
    at flushWork (http://localhost:1420/node_modules/.vite/deps/chunk-TSRML2OT.js?v=8996e906:176:22)
[ 1144089ms] [ERROR] The above error occurred in the <EditorPane> component:

    at EditorPane (http://localhost:1420/src/features/editor/EditorPane.tsx?t=1781078298596:29:30)
    at div
    at main
    at div
    at div
    at App (http://localhost:1420/src/app/App.tsx?t=1781078298596:34:15)
    at ErrorBoundary (http://localhost:1420/src/main.tsx?t=1781078298596:16:1)

React will try to recreate this component tree from scratch using the error boundary you provided, ErrorBoundary. @ http://localhost:1420/node_modules/.vite/deps/chunk-TSRML2OT.js?v=8996e906:14079
[ 1144089ms] [ERROR] [geode] render crashed TypeError: app.workspace.registerFlusher is not a function
    at http://localhost:1420/src/features/editor/EditorPane.tsx?t=1781078298596:148:35
    at commitHookEffectListMount (http://localhost:1420/node_modules/.vite/deps/chunk-TSRML2OT.js?v=8996e906:16963:34)
    at commitPassiveMountOnFiber (http://localhost:1420/node_modules/.vite/deps/chunk-TSRML2OT.js?v=8996e906:18206:19)
    at commitPassiveMountEffects_complete (http://localhost:1420/node_modules/.vite/deps/chunk-TSRML2OT.js?v=8996e906:18179:17)
    at commitPassiveMountEffects_begin (http://localhost:1420/node_modules/.vite/deps/chunk-TSRML2OT.js?v=8996e906:18169:15)
    at commitPassiveMountEffects (http://localhost:1420/node_modules/.vite/deps/chunk-TSRML2OT.js?v=8996e906:18159:11)
    at flushPassiveEffectsImpl (http://localhost:1420/node_modules/.vite/deps/chunk-TSRML2OT.js?v=8996e906:19543:11)
    at flushPassiveEffects (http://localhost:1420/node_modules/.vite/deps/chunk-TSRML2OT.js?v=8996e906:19500:22)
    at http://localhost:1420/node_modules/.vite/deps/chunk-TSRML2OT.js?v=8996e906:19381:17
    at workLoop (http://localhost:1420/node_modules/.vite/deps/chunk-TSRML2OT.js?v=8996e906:197:42) {componentStack: 
    at EditorPane (http://localhost:1420/src/feat…localhost:1420/src/main.tsx?t=1781078298596:16:1)} @ http://localhost:1420/src/main.tsx?t=1781078298596:21
[ 1144089ms] [ERROR] The above error occurred in the <EditorPane> component:

    at EditorPane (http://localhost:1420/src/features/editor/EditorPane.tsx?t=1781078298596:29:30)
    at div
    at main
    at div
    at div
    at App (http://localhost:1420/src/app/App.tsx?t=1781078298596:34:15)
    at ErrorBoundary (http://localhost:1420/src/main.tsx?t=1781078298596:16:1)

React will try to recreate this component tree from scratch using the error boundary you provided, ErrorBoundary. @ http://localhost:1420/node_modules/.vite/deps/chunk-TSRML2OT.js?v=8996e906:14079
[ 1144089ms] [ERROR] [geode] render crashed TypeError: app.workspace.registerFlusher is not a function
    at http://localhost:1420/src/features/editor/EditorPane.tsx?t=1781078298596:148:35
    at commitHookEffectListMount (http://localhost:1420/node_modules/.vite/deps/chunk-TSRML2OT.js?v=8996e906:16963:34)
    at invokePassiveEffectMountInDEV (http://localhost:1420/node_modules/.vite/deps/chunk-TSRML2OT.js?v=8996e906:18374:19)
    at invokeEffectsInDev (http://localhost:1420/node_modules/.vite/deps/chunk-TSRML2OT.js?v=8996e906:19754:19)
    at commitDoubleInvokeEffectsInDEV (http://localhost:1420/node_modules/.vite/deps/chunk-TSRML2OT.js?v=8996e906:19739:15)
    at flushPassiveEffectsImpl (http://localhost:1420/node_modules/.vite/deps/chunk-TSRML2OT.js?v=8996e906:19556:13)
    at flushPassiveEffects (http://localhost:1420/node_modules/.vite/deps/chunk-TSRML2OT.js?v=8996e906:19500:22)
    at http://localhost:1420/node_modules/.vite/deps/chunk-TSRML2OT.js?v=8996e906:19381:17
    at workLoop (http://localhost:1420/node_modules/.vite/deps/chunk-TSRML2OT.js?v=8996e906:197:42)
    at flushWork (http://localhost:1420/node_modules/.vite/deps/chunk-TSRML2OT.js?v=8996e906:176:22) {componentStack: 
    at EditorPane (http://localhost:1420/src/feat…localhost:1420/src/main.tsx?t=1781078298596:16:1)} @ http://localhost:1420/src/main.tsx?t=1781078298596:21
[ 1155221ms] [WARNING] [metadata] failed to index Daily Notes/2026-06-09.md TypeError: this.cacheSet is not a function
    at Vault.read (http://localhost:1420/src/core/vault.ts?t=1781078309845:82:10)
    at async worker (http://localhost:1420/src/core/metadata.ts?t=1781078272775:69:27)
    at async Promise.all (index 0)
    at async MetadataIndex.indexFiles (http://localhost:1420/src/core/metadata.ts?t=1781078272775:76:5)
    at async MetadataIndex.rebuildAll (http://localhost:1420/src/core/metadata.ts?t=1781078272775:59:5) @ http://localhost:1420/src/core/metadata.ts?t=1781078272775:71
[ 1155221ms] [WARNING] [metadata] failed to index Daily Notes/2026-06-10.md TypeError: this.cacheSet is not a function
    at Vault.read (http://localhost:1420/src/core/vault.ts?t=1781078309845:82:10)
    at async worker (http://localhost:1420/src/core/metadata.ts?t=1781078272775:69:27)
    at async Promise.all (index 1)
    at async MetadataIndex.indexFiles (http://localhost:1420/src/core/metadata.ts?t=1781078272775:76:5)
    at async MetadataIndex.rebuildAll (http://localhost:1420/src/core/metadata.ts?t=1781078272775:59:5) @ http://localhost:1420/src/core/metadata.ts?t=1781078272775:71
[ 1155221ms] [WARNING] [metadata] failed to index Projects/Geode Roadmap.md TypeError: this.cacheSet is not a function
    at Vault.read (http://localhost:1420/src/core/vault.ts?t=1781078309845:82:10)
    at async worker (http://localhost:1420/src/core/metadata.ts?t=1781078272775:69:27)
    at async Promise.all (index 2)
    at async MetadataIndex.indexFiles (http://localhost:1420/src/core/metadata.ts?t=1781078272775:76:5)
    at async MetadataIndex.rebuildAll (http://localhost:1420/src/core/metadata.ts?t=1781078272775:59:5) @ http://localhost:1420/src/core/metadata.ts?t=1781078272775:71
[ 1155221ms] [WARNING] [metadata] failed to index Getting Started.md TypeError: this.cacheSet is not a function
    at Vault.read (http://localhost:1420/src/core/vault.ts?t=1781078309845:82:10)
    at async worker (http://localhost:1420/src/core/metadata.ts?t=1781078272775:69:27)
    at async Promise.all (index 3)
    at async MetadataIndex.indexFiles (http://localhost:1420/src/core/metadata.ts?t=1781078272775:76:5)
    at async MetadataIndex.rebuildAll (http://localhost:1420/src/core/metadata.ts?t=1781078272775:59:5) @ http://localhost:1420/src/core/metadata.ts?t=1781078272775:71
[ 1155221ms] [WARNING] [metadata] failed to index Graph View.md TypeError: this.cacheSet is not a function
    at Vault.read (http://localhost:1420/src/core/vault.ts?t=1781078309845:82:10)
    at async worker (http://localhost:1420/src/core/metadata.ts?t=1781078272775:69:27)
    at async Promise.all (index 4)
    at async MetadataIndex.indexFiles (http://localhost:1420/src/core/metadata.ts?t=1781078272775:76:5)
    at async MetadataIndex.rebuildAll (http://localhost:1420/src/core/metadata.ts?t=1781078272775:59:5) @ http://localhost:1420/src/core/metadata.ts?t=1781078272775:71
[ 1155221ms] [WARNING] [metadata] failed to index Markdown Syntax.md TypeError: this.cacheSet is not a function
    at Vault.read (http://localhost:1420/src/core/vault.ts?t=1781078309845:82:10)
    at async worker (http://localhost:1420/src/core/metadata.ts?t=1781078272775:69:27)
    at async Promise.all (index 5)
    at async MetadataIndex.indexFiles (http://localhost:1420/src/core/metadata.ts?t=1781078272775:76:5)
    at async MetadataIndex.rebuildAll (http://localhost:1420/src/core/metadata.ts?t=1781078272775:59:5) @ http://localhost:1420/src/core/metadata.ts?t=1781078272775:71
[ 1155221ms] [WARNING] [metadata] failed to index Welcome.md TypeError: this.cacheSet is not a function
    at Vault.read (http://localhost:1420/src/core/vault.ts?t=1781078309845:82:10)
    at async worker (http://localhost:1420/src/core/metadata.ts?t=1781078272775:69:27)
    at async Promise.all (index 6)
    at async MetadataIndex.indexFiles (http://localhost:1420/src/core/metadata.ts?t=1781078272775:76:5)
    at async MetadataIndex.rebuildAll (http://localhost:1420/src/core/metadata.ts?t=1781078272775:59:5) @ http://localhost:1420/src/core/metadata.ts?t=1781078272775:71
[ 1155221ms] [WARNING] [metadata] failed to index Wiki Links.md TypeError: this.cacheSet is not a function
    at Vault.read (http://localhost:1420/src/core/vault.ts?t=1781078309845:82:10)
    at async worker (http://localhost:1420/src/core/metadata.ts?t=1781078272775:69:27)
    at async Promise.all (index 7)
    at async MetadataIndex.indexFiles (http://localhost:1420/src/core/metadata.ts?t=1781078272775:76:5)
    at async MetadataIndex.rebuildAll (http://localhost:1420/src/core/metadata.ts?t=1781078272775:59:5) @ http://localhost:1420/src/core/metadata.ts?t=1781078272775:71
[ 1155221ms] [ERROR] Warning: You are calling ReactDOMClient.createRoot() on a container that has already been passed to createRoot() before. Instead, call root.render() on the existing root instead if you want to update it. @ http://localhost:1420/node_modules/.vite/deps/chunk-TSRML2OT.js?v=8996e906:520
[ 1155227ms] TypeError: app.workspace.registerFlusher is not a function
    at http://localhost:1420/src/features/editor/EditorPane.tsx?t=1781078309845:148:26
    at commitHookEffectListMount (http://localhost:1420/node_modules/.vite/deps/chunk-TSRML2OT.js?v=8996e906:16963:34)
    at commitPassiveMountOnFiber (http://localhost:1420/node_modules/.vite/deps/chunk-TSRML2OT.js?v=8996e906:18206:19)
    at commitPassiveMountEffects_complete (http://localhost:1420/node_modules/.vite/deps/chunk-TSRML2OT.js?v=8996e906:18179:17)
    at commitPassiveMountEffects_begin (http://localhost:1420/node_modules/.vite/deps/chunk-TSRML2OT.js?v=8996e906:18169:15)
    at commitPassiveMountEffects (http://localhost:1420/node_modules/.vite/deps/chunk-TSRML2OT.js?v=8996e906:18159:11)
    at flushPassiveEffectsImpl (http://localhost:1420/node_modules/.vite/deps/chunk-TSRML2OT.js?v=8996e906:19543:11)
    at flushPassiveEffects (http://localhost:1420/node_modules/.vite/deps/chunk-TSRML2OT.js?v=8996e906:19500:22)
    at http://localhost:1420/node_modules/.vite/deps/chunk-TSRML2OT.js?v=8996e906:19381:17
    at workLoop (http://localhost:1420/node_modules/.vite/deps/chunk-TSRML2OT.js?v=8996e906:197:42)
[ 1155228ms] TypeError: app.workspace.registerFlusher is not a function
    at http://localhost:1420/src/features/editor/EditorPane.tsx?t=1781078309845:148:26
    at commitHookEffectListMount (http://localhost:1420/node_modules/.vite/deps/chunk-TSRML2OT.js?v=8996e906:16963:34)
    at invokePassiveEffectMountInDEV (http://localhost:1420/node_modules/.vite/deps/chunk-TSRML2OT.js?v=8996e906:18374:19)
    at invokeEffectsInDev (http://localhost:1420/node_modules/.vite/deps/chunk-TSRML2OT.js?v=8996e906:19754:19)
    at commitDoubleInvokeEffectsInDEV (http://localhost:1420/node_modules/.vite/deps/chunk-TSRML2OT.js?v=8996e906:19739:15)
    at flushPassiveEffectsImpl (http://localhost:1420/node_modules/.vite/deps/chunk-TSRML2OT.js?v=8996e906:19556:13)
    at flushPassiveEffects (http://localhost:1420/node_modules/.vite/deps/chunk-TSRML2OT.js?v=8996e906:19500:22)
    at http://localhost:1420/node_modules/.vite/deps/chunk-TSRML2OT.js?v=8996e906:19381:17
    at workLoop (http://localhost:1420/node_modules/.vite/deps/chunk-TSRML2OT.js?v=8996e906:197:42)
    at flushWork (http://localhost:1420/node_modules/.vite/deps/chunk-TSRML2OT.js?v=8996e906:176:22)
[ 1155229ms] [ERROR] The above error occurred in the <EditorPane> component:

    at EditorPane (http://localhost:1420/src/features/editor/EditorPane.tsx?t=1781078309845:29:30)
    at div
    at main
    at div
    at div
    at App (http://localhost:1420/src/app/App.tsx?t=1781078309845:34:15)
    at ErrorBoundary (http://localhost:1420/src/main.tsx?t=1781078309845:16:1)

React will try to recreate this component tree from scratch using the error boundary you provided, ErrorBoundary. @ http://localhost:1420/node_modules/.vite/deps/chunk-TSRML2OT.js?v=8996e906:14079
[ 1155229ms] [ERROR] [geode] render crashed TypeError: app.workspace.registerFlusher is not a function
    at http://localhost:1420/src/features/editor/EditorPane.tsx?t=1781078309845:148:26
    at commitHookEffectListMount (http://localhost:1420/node_modules/.vite/deps/chunk-TSRML2OT.js?v=8996e906:16963:34)
    at commitPassiveMountOnFiber (http://localhost:1420/node_modules/.vite/deps/chunk-TSRML2OT.js?v=8996e906:18206:19)
    at commitPassiveMountEffects_complete (http://localhost:1420/node_modules/.vite/deps/chunk-TSRML2OT.js?v=8996e906:18179:17)
    at commitPassiveMountEffects_begin (http://localhost:1420/node_modules/.vite/deps/chunk-TSRML2OT.js?v=8996e906:18169:15)
    at commitPassiveMountEffects (http://localhost:1420/node_modules/.vite/deps/chunk-TSRML2OT.js?v=8996e906:18159:11)
    at flushPassiveEffectsImpl (http://localhost:1420/node_modules/.vite/deps/chunk-TSRML2OT.js?v=8996e906:19543:11)
    at flushPassiveEffects (http://localhost:1420/node_modules/.vite/deps/chunk-TSRML2OT.js?v=8996e906:19500:22)
    at http://localhost:1420/node_modules/.vite/deps/chunk-TSRML2OT.js?v=8996e906:19381:17
    at workLoop (http://localhost:1420/node_modules/.vite/deps/chunk-TSRML2OT.js?v=8996e906:197:42) {componentStack: 
    at EditorPane (http://localhost:1420/src/feat…localhost:1420/src/main.tsx?t=1781078309845:16:1)} @ http://localhost:1420/src/main.tsx?t=1781078309845:21
[ 1155229ms] [ERROR] The above error occurred in the <EditorPane> component:

    at EditorPane (http://localhost:1420/src/features/editor/EditorPane.tsx?t=1781078309845:29:30)
    at div
    at main
    at div
    at div
    at App (http://localhost:1420/src/app/App.tsx?t=1781078309845:34:15)
    at ErrorBoundary (http://localhost:1420/src/main.tsx?t=1781078309845:16:1)

React will try to recreate this component tree from scratch using the error boundary you provided, ErrorBoundary. @ http://localhost:1420/node_modules/.vite/deps/chunk-TSRML2OT.js?v=8996e906:14079
[ 1155229ms] [ERROR] [geode] render crashed TypeError: app.workspace.registerFlusher is not a function
    at http://localhost:1420/src/features/editor/EditorPane.tsx?t=1781078309845:148:26
    at commitHookEffectListMount (http://localhost:1420/node_modules/.vite/deps/chunk-TSRML2OT.js?v=8996e906:16963:34)
    at invokePassiveEffectMountInDEV (http://localhost:1420/node_modules/.vite/deps/chunk-TSRML2OT.js?v=8996e906:18374:19)
    at invokeEffectsInDev (http://localhost:1420/node_modules/.vite/deps/chunk-TSRML2OT.js?v=8996e906:19754:19)
    at commitDoubleInvokeEffectsInDEV (http://localhost:1420/node_modules/.vite/deps/chunk-TSRML2OT.js?v=8996e906:19739:15)
    at flushPassiveEffectsImpl (http://localhost:1420/node_modules/.vite/deps/chunk-TSRML2OT.js?v=8996e906:19556:13)
    at flushPassiveEffects (http://localhost:1420/node_modules/.vite/deps/chunk-TSRML2OT.js?v=8996e906:19500:22)
    at http://localhost:1420/node_modules/.vite/deps/chunk-TSRML2OT.js?v=8996e906:19381:17
    at workLoop (http://localhost:1420/node_modules/.vite/deps/chunk-TSRML2OT.js?v=8996e906:197:42)
    at flushWork (http://localhost:1420/node_modules/.vite/deps/chunk-TSRML2OT.js?v=8996e906:176:22) {componentStack: 
    at EditorPane (http://localhost:1420/src/feat…localhost:1420/src/main.tsx?t=1781078309845:16:1)} @ http://localhost:1420/src/main.tsx?t=1781078309845:21
[ 1155241ms] TypeError: app.workspace.registerFlusher is not a function
    at http://localhost:1420/src/features/editor/EditorPane.tsx?t=1781078309845:148:26
    at commitHookEffectListMount (http://localhost:1420/node_modules/.vite/deps/chunk-TSRML2OT.js?v=8996e906:16963:34)
    at commitPassiveMountOnFiber (http://localhost:1420/node_modules/.vite/deps/chunk-TSRML2OT.js?v=8996e906:18206:19)
    at commitPassiveMountEffects_complete (http://localhost:1420/node_modules/.vite/deps/chunk-TSRML2OT.js?v=8996e906:18179:17)
    at commitPassiveMountEffects_begin (http://localhost:1420/node_modules/.vite/deps/chunk-TSRML2OT.js?v=8996e906:18169:15)
    at commitPassiveMountEffects (http://localhost:1420/node_modules/.vite/deps/chunk-TSRML2OT.js?v=8996e906:18159:11)
    at flushPassiveEffectsImpl (http://localhost:1420/node_modules/.vite/deps/chunk-TSRML2OT.js?v=8996e906:19543:11)
    at flushPassiveEffects (http://localhost:1420/node_modules/.vite/deps/chunk-TSRML2OT.js?v=8996e906:19500:22)
    at commitRootImpl (http://localhost:1420/node_modules/.vite/deps/chunk-TSRML2OT.js?v=8996e906:19469:13)
    at commitRoot (http://localhost:1420/node_modules/.vite/deps/chunk-TSRML2OT.js?v=8996e906:19330:13)
[ 1155241ms] TypeError: app.workspace.registerFlusher is not a function
    at http://localhost:1420/src/features/editor/EditorPane.tsx?t=1781078309845:148:26
    at commitHookEffectListMount (http://localhost:1420/node_modules/.vite/deps/chunk-TSRML2OT.js?v=8996e906:16963:34)
    at invokePassiveEffectMountInDEV (http://localhost:1420/node_modules/.vite/deps/chunk-TSRML2OT.js?v=8996e906:18374:19)
    at invokeEffectsInDev (http://localhost:1420/node_modules/.vite/deps/chunk-TSRML2OT.js?v=8996e906:19754:19)
    at commitDoubleInvokeEffectsInDEV (http://localhost:1420/node_modules/.vite/deps/chunk-TSRML2OT.js?v=8996e906:19739:15)
    at flushPassiveEffectsImpl (http://localhost:1420/node_modules/.vite/deps/chunk-TSRML2OT.js?v=8996e906:19556:13)
    at flushPassiveEffects (http://localhost:1420/node_modules/.vite/deps/chunk-TSRML2OT.js?v=8996e906:19500:22)
    at commitRootImpl (http://localhost:1420/node_modules/.vite/deps/chunk-TSRML2OT.js?v=8996e906:19469:13)
    at commitRoot (http://localhost:1420/node_modules/.vite/deps/chunk-TSRML2OT.js?v=8996e906:19330:13)
    at performSyncWorkOnRoot (http://localhost:1420/node_modules/.vite/deps/chunk-TSRML2OT.js?v=8996e906:18948:11)
[ 1155242ms] [ERROR] The above error occurred in the <EditorPane> component:

    at EditorPane (http://localhost:1420/src/features/editor/EditorPane.tsx?t=1781078309845:29:30)
    at div
    at main
    at div
    at div
    at App (http://localhost:1420/src/app/App.tsx?t=1781078309845:34:15)
    at ErrorBoundary (http://localhost:1420/src/main.tsx?t=1781078309845:16:1)

React will try to recreate this component tree from scratch using the error boundary you provided, ErrorBoundary. @ http://localhost:1420/node_modules/.vite/deps/chunk-TSRML2OT.js?v=8996e906:14079
[ 1155242ms] [ERROR] [geode] render crashed TypeError: app.workspace.registerFlusher is not a function
    at http://localhost:1420/src/features/editor/EditorPane.tsx?t=1781078309845:148:26
    at commitHookEffectListMount (http://localhost:1420/node_modules/.vite/deps/chunk-TSRML2OT.js?v=8996e906:16963:34)
    at commitPassiveMountOnFiber (http://localhost:1420/node_modules/.vite/deps/chunk-TSRML2OT.js?v=8996e906:18206:19)
    at commitPassiveMountEffects_complete (http://localhost:1420/node_modules/.vite/deps/chunk-TSRML2OT.js?v=8996e906:18179:17)
    at commitPassiveMountEffects_begin (http://localhost:1420/node_modules/.vite/deps/chunk-TSRML2OT.js?v=8996e906:18169:15)
    at commitPassiveMountEffects (http://localhost:1420/node_modules/.vite/deps/chunk-TSRML2OT.js?v=8996e906:18159:11)
    at flushPassiveEffectsImpl (http://localhost:1420/node_modules/.vite/deps/chunk-TSRML2OT.js?v=8996e906:19543:11)
    at flushPassiveEffects (http://localhost:1420/node_modules/.vite/deps/chunk-TSRML2OT.js?v=8996e906:19500:22)
    at commitRootImpl (http://localhost:1420/node_modules/.vite/deps/chunk-TSRML2OT.js?v=8996e906:19469:13)
    at commitRoot (http://localhost:1420/node_modules/.vite/deps/chunk-TSRML2OT.js?v=8996e906:19330:13) {componentStack: 
    at EditorPane (http://localhost:1420/src/feat…localhost:1420/src/main.tsx?t=1781078309845:16:1)} @ http://localhost:1420/src/main.tsx?t=1781078309845:21
[ 1155242ms] [ERROR] The above error occurred in the <EditorPane> component:

    at EditorPane (http://localhost:1420/src/features/editor/EditorPane.tsx?t=1781078309845:29:30)
    at div
    at main
    at div
    at div
    at App (http://localhost:1420/src/app/App.tsx?t=1781078309845:34:15)
    at ErrorBoundary (http://localhost:1420/src/main.tsx?t=1781078309845:16:1)

React will try to recreate this component tree from scratch using the error boundary you provided, ErrorBoundary. @ http://localhost:1420/node_modules/.vite/deps/chunk-TSRML2OT.js?v=8996e906:14079
[ 1155242ms] [ERROR] [geode] render crashed TypeError: app.workspace.registerFlusher is not a function
    at http://localhost:1420/src/features/editor/EditorPane.tsx?t=1781078309845:148:26
    at commitHookEffectListMount (http://localhost:1420/node_modules/.vite/deps/chunk-TSRML2OT.js?v=8996e906:16963:34)
    at invokePassiveEffectMountInDEV (http://localhost:1420/node_modules/.vite/deps/chunk-TSRML2OT.js?v=8996e906:18374:19)
    at invokeEffectsInDev (http://localhost:1420/node_modules/.vite/deps/chunk-TSRML2OT.js?v=8996e906:19754:19)
    at commitDoubleInvokeEffectsInDEV (http://localhost:1420/node_modules/.vite/deps/chunk-TSRML2OT.js?v=8996e906:19739:15)
    at flushPassiveEffectsImpl (http://localhost:1420/node_modules/.vite/deps/chunk-TSRML2OT.js?v=8996e906:19556:13)
    at flushPassiveEffects (http://localhost:1420/node_modules/.vite/deps/chunk-TSRML2OT.js?v=8996e906:19500:22)
    at commitRootImpl (http://localhost:1420/node_modules/.vite/deps/chunk-TSRML2OT.js?v=8996e906:19469:13)
    at commitRoot (http://localhost:1420/node_modules/.vite/deps/chunk-TSRML2OT.js?v=8996e906:19330:13)
    at performSyncWorkOnRoot (http://localhost:1420/node_modules/.vite/deps/chunk-TSRML2OT.js?v=8996e906:18948:11) {componentStack: 
    at EditorPane (http://localhost:1420/src/feat…localhost:1420/src/main.tsx?t=1781078309845:16:1)} @ http://localhost:1420/src/main.tsx?t=1781078309845:21
[ 1155335ms] [INFO] %cDownload the React DevTools for a better development experience: https://reactjs.org/link/react-devtools font-weight:bold @ http://localhost:1420/node_modules/.vite/deps/chunk-TSRML2OT.js?v=8996e906:21608
[ 1155347ms] [WARNING] [metadata] failed to index Daily Notes/2026-06-09.md TypeError: this.cacheSet is not a function
    at Vault.read (http://localhost:1420/src/core/vault.ts?t=1781078309845:82:10)
    at async worker (http://localhost:1420/src/core/metadata.ts?t=1781078272775:69:27)
    at async Promise.all (index 0)
    at async MetadataIndex.indexFiles (http://localhost:1420/src/core/metadata.ts?t=1781078272775:76:5)
    at async MetadataIndex.rebuildAll (http://localhost:1420/src/core/metadata.ts?t=1781078272775:59:5) @ http://localhost:1420/src/core/metadata.ts?t=1781078272775:71
[ 1155347ms] [WARNING] [metadata] failed to index Daily Notes/2026-06-10.md TypeError: this.cacheSet is not a function
    at Vault.read (http://localhost:1420/src/core/vault.ts?t=1781078309845:82:10)
    at async worker (http://localhost:1420/src/core/metadata.ts?t=1781078272775:69:27)
    at async Promise.all (index 1)
    at async MetadataIndex.indexFiles (http://localhost:1420/src/core/metadata.ts?t=1781078272775:76:5)
    at async MetadataIndex.rebuildAll (http://localhost:1420/src/core/metadata.ts?t=1781078272775:59:5) @ http://localhost:1420/src/core/metadata.ts?t=1781078272775:71
[ 1155347ms] [WARNING] [metadata] failed to index Projects/Geode Roadmap.md TypeError: this.cacheSet is not a function
    at Vault.read (http://localhost:1420/src/core/vault.ts?t=1781078309845:82:10)
    at async worker (http://localhost:1420/src/core/metadata.ts?t=1781078272775:69:27)
    at async Promise.all (index 2)
    at async MetadataIndex.indexFiles (http://localhost:1420/src/core/metadata.ts?t=1781078272775:76:5)
    at async MetadataIndex.rebuildAll (http://localhost:1420/src/core/metadata.ts?t=1781078272775:59:5) @ http://localhost:1420/src/core/metadata.ts?t=1781078272775:71
[ 1155347ms] [WARNING] [metadata] failed to index Getting Started.md TypeError: this.cacheSet is not a function
    at Vault.read (http://localhost:1420/src/core/vault.ts?t=1781078309845:82:10)
    at async worker (http://localhost:1420/src/core/metadata.ts?t=1781078272775:69:27)
    at async Promise.all (index 3)
    at async MetadataIndex.indexFiles (http://localhost:1420/src/core/metadata.ts?t=1781078272775:76:5)
    at async MetadataIndex.rebuildAll (http://localhost:1420/src/core/metadata.ts?t=1781078272775:59:5) @ http://localhost:1420/src/core/metadata.ts?t=1781078272775:71
[ 1155347ms] [WARNING] [metadata] failed to index Graph View.md TypeError: this.cacheSet is not a function
    at Vault.read (http://localhost:1420/src/core/vault.ts?t=1781078309845:82:10)
    at async worker (http://localhost:1420/src/core/metadata.ts?t=1781078272775:69:27)
    at async Promise.all (index 4)
    at async MetadataIndex.indexFiles (http://localhost:1420/src/core/metadata.ts?t=1781078272775:76:5)
    at async MetadataIndex.rebuildAll (http://localhost:1420/src/core/metadata.ts?t=1781078272775:59:5) @ http://localhost:1420/src/core/metadata.ts?t=1781078272775:71
[ 1155347ms] [WARNING] [metadata] failed to index Markdown Syntax.md TypeError: this.cacheSet is not a function
    at Vault.read (http://localhost:1420/src/core/vault.ts?t=1781078309845:82:10)
    at async worker (http://localhost:1420/src/core/metadata.ts?t=1781078272775:69:27)
    at async Promise.all (index 5)
    at async MetadataIndex.indexFiles (http://localhost:1420/src/core/metadata.ts?t=1781078272775:76:5)
    at async MetadataIndex.rebuildAll (http://localhost:1420/src/core/metadata.ts?t=1781078272775:59:5) @ http://localhost:1420/src/core/metadata.ts?t=1781078272775:71
[ 1155347ms] [WARNING] [metadata] failed to index Welcome.md TypeError: this.cacheSet is not a function
    at Vault.read (http://localhost:1420/src/core/vault.ts?t=1781078309845:82:10)
    at async worker (http://localhost:1420/src/core/metadata.ts?t=1781078272775:69:27)
    at async Promise.all (index 6)
    at async MetadataIndex.indexFiles (http://localhost:1420/src/core/metadata.ts?t=1781078272775:76:5)
    at async MetadataIndex.rebuildAll (http://localhost:1420/src/core/metadata.ts?t=1781078272775:59:5) @ http://localhost:1420/src/core/metadata.ts?t=1781078272775:71
[ 1155347ms] [WARNING] [metadata] failed to index Wiki Links.md TypeError: this.cacheSet is not a function
    at Vault.read (http://localhost:1420/src/core/vault.ts?t=1781078309845:82:10)
    at async worker (http://localhost:1420/src/core/metadata.ts?t=1781078272775:69:27)
    at async Promise.all (index 7)
    at async MetadataIndex.indexFiles (http://localhost:1420/src/core/metadata.ts?t=1781078272775:76:5)
    at async MetadataIndex.rebuildAll (http://localhost:1420/src/core/metadata.ts?t=1781078272775:59:5) @ http://localhost:1420/src/core/metadata.ts?t=1781078272775:71
[ 1155357ms] TypeError: app.workspace.registerFlusher is not a function
    at http://localhost:1420/src/features/editor/EditorPane.tsx?t=1781078309845:148:26
    at commitHookEffectListMount (http://localhost:1420/node_modules/.vite/deps/chunk-TSRML2OT.js?v=8996e906:16963:34)
    at commitPassiveMountOnFiber (http://localhost:1420/node_modules/.vite/deps/chunk-TSRML2OT.js?v=8996e906:18206:19)
    at commitPassiveMountEffects_complete (http://localhost:1420/node_modules/.vite/deps/chunk-TSRML2OT.js?v=8996e906:18179:17)
    at commitPassiveMountEffects_begin (http://localhost:1420/node_modules/.vite/deps/chunk-TSRML2OT.js?v=8996e906:18169:15)
    at commitPassiveMountEffects (http://localhost:1420/node_modules/.vite/deps/chunk-TSRML2OT.js?v=8996e906:18159:11)
    at flushPassiveEffectsImpl (http://localhost:1420/node_modules/.vite/deps/chunk-TSRML2OT.js?v=8996e906:19543:11)
    at flushPassiveEffects (http://localhost:1420/node_modules/.vite/deps/chunk-TSRML2OT.js?v=8996e906:19500:22)
    at http://localhost:1420/node_modules/.vite/deps/chunk-TSRML2OT.js?v=8996e906:19381:17
    at workLoop (http://localhost:1420/node_modules/.vite/deps/chunk-TSRML2OT.js?v=8996e906:197:42)
[ 1155357ms] TypeError: app.workspace.registerFlusher is not a function
    at http://localhost:1420/src/features/editor/EditorPane.tsx?t=1781078309845:148:26
    at commitHookEffectListMount (http://localhost:1420/node_modules/.vite/deps/chunk-TSRML2OT.js?v=8996e906:16963:34)
    at invokePassiveEffectMountInDEV (http://localhost:1420/node_modules/.vite/deps/chunk-TSRML2OT.js?v=8996e906:18374:19)
    at invokeEffectsInDev (http://localhost:1420/node_modules/.vite/deps/chunk-TSRML2OT.js?v=8996e906:19754:19)
    at commitDoubleInvokeEffectsInDEV (http://localhost:1420/node_modules/.vite/deps/chunk-TSRML2OT.js?v=8996e906:19739:15)
    at flushPassiveEffectsImpl (http://localhost:1420/node_modules/.vite/deps/chunk-TSRML2OT.js?v=8996e906:19556:13)
    at flushPassiveEffects (http://localhost:1420/node_modules/.vite/deps/chunk-TSRML2OT.js?v=8996e906:19500:22)
    at http://localhost:1420/node_modules/.vite/deps/chunk-TSRML2OT.js?v=8996e906:19381:17
    at workLoop (http://localhost:1420/node_modules/.vite/deps/chunk-TSRML2OT.js?v=8996e906:197:42)
    at flushWork (http://localhost:1420/node_modules/.vite/deps/chunk-TSRML2OT.js?v=8996e906:176:22)
[ 1155359ms] [ERROR] The above error occurred in the <EditorPane> component:

    at EditorPane (http://localhost:1420/src/features/editor/EditorPane.tsx?t=1781078309845:29:30)
    at div
    at main
    at div
    at div
    at App (http://localhost:1420/src/app/App.tsx?t=1781078309845:34:15)
    at ErrorBoundary (http://localhost:1420/src/main.tsx?t=1781078309845:16:1)

React will try to recreate this component tree from scratch using the error boundary you provided, ErrorBoundary. @ http://localhost:1420/node_modules/.vite/deps/chunk-TSRML2OT.js?v=8996e906:14079
[ 1155359ms] [ERROR] [geode] render crashed TypeError: app.workspace.registerFlusher is not a function
    at http://localhost:1420/src/features/editor/EditorPane.tsx?t=1781078309845:148:26
    at commitHookEffectListMount (http://localhost:1420/node_modules/.vite/deps/chunk-TSRML2OT.js?v=8996e906:16963:34)
    at commitPassiveMountOnFiber (http://localhost:1420/node_modules/.vite/deps/chunk-TSRML2OT.js?v=8996e906:18206:19)
    at commitPassiveMountEffects_complete (http://localhost:1420/node_modules/.vite/deps/chunk-TSRML2OT.js?v=8996e906:18179:17)
    at commitPassiveMountEffects_begin (http://localhost:1420/node_modules/.vite/deps/chunk-TSRML2OT.js?v=8996e906:18169:15)
    at commitPassiveMountEffects (http://localhost:1420/node_modules/.vite/deps/chunk-TSRML2OT.js?v=8996e906:18159:11)
    at flushPassiveEffectsImpl (http://localhost:1420/node_modules/.vite/deps/chunk-TSRML2OT.js?v=8996e906:19543:11)
    at flushPassiveEffects (http://localhost:1420/node_modules/.vite/deps/chunk-TSRML2OT.js?v=8996e906:19500:22)
    at http://localhost:1420/node_modules/.vite/deps/chunk-TSRML2OT.js?v=8996e906:19381:17
    at workLoop (http://localhost:1420/node_modules/.vite/deps/chunk-TSRML2OT.js?v=8996e906:197:42) {componentStack: 
    at EditorPane (http://localhost:1420/src/feat…localhost:1420/src/main.tsx?t=1781078309845:16:1)} @ http://localhost:1420/src/main.tsx?t=1781078309845:21
[ 1155359ms] [ERROR] The above error occurred in the <EditorPane> component:

    at EditorPane (http://localhost:1420/src/features/editor/EditorPane.tsx?t=1781078309845:29:30)
    at div
    at main
    at div
    at div
    at App (http://localhost:1420/src/app/App.tsx?t=1781078309845:34:15)
    at ErrorBoundary (http://localhost:1420/src/main.tsx?t=1781078309845:16:1)

React will try to recreate this component tree from scratch using the error boundary you provided, ErrorBoundary. @ http://localhost:1420/node_modules/.vite/deps/chunk-TSRML2OT.js?v=8996e906:14079
[ 1155359ms] [ERROR] [geode] render crashed TypeError: app.workspace.registerFlusher is not a function
    at http://localhost:1420/src/features/editor/EditorPane.tsx?t=1781078309845:148:26
    at commitHookEffectListMount (http://localhost:1420/node_modules/.vite/deps/chunk-TSRML2OT.js?v=8996e906:16963:34)
    at invokePassiveEffectMountInDEV (http://localhost:1420/node_modules/.vite/deps/chunk-TSRML2OT.js?v=8996e906:18374:19)
    at invokeEffectsInDev (http://localhost:1420/node_modules/.vite/deps/chunk-TSRML2OT.js?v=8996e906:19754:19)
    at commitDoubleInvokeEffectsInDEV (http://localhost:1420/node_modules/.vite/deps/chunk-TSRML2OT.js?v=8996e906:19739:15)
    at flushPassiveEffectsImpl (http://localhost:1420/node_modules/.vite/deps/chunk-TSRML2OT.js?v=8996e906:19556:13)
    at flushPassiveEffects (http://localhost:1420/node_modules/.vite/deps/chunk-TSRML2OT.js?v=8996e906:19500:22)
    at http://localhost:1420/node_modules/.vite/deps/chunk-TSRML2OT.js?v=8996e906:19381:17
    at workLoop (http://localhost:1420/node_modules/.vite/deps/chunk-TSRML2OT.js?v=8996e906:197:42)
    at flushWork (http://localhost:1420/node_modules/.vite/deps/chunk-TSRML2OT.js?v=8996e906:176:22) {componentStack: 
    at EditorPane (http://localhost:1420/src/feat…localhost:1420/src/main.tsx?t=1781078309845:16:1)} @ http://localhost:1420/src/main.tsx?t=1781078309845:21
[ 1163203ms] [ERROR] Warning: You are calling ReactDOMClient.createRoot() on a container that has already been passed to createRoot() before. Instead, call root.render() on the existing root instead if you want to update it. @ http://localhost:1420/node_modules/.vite/deps/chunk-TSRML2OT.js?v=8996e906:520
[ 1163208ms] TypeError: app.workspace.registerFlusher is not a function
    at http://localhost:1420/src/features/editor/EditorPane.tsx?t=1781078317828:148:26
    at commitHookEffectListMount (http://localhost:1420/node_modules/.vite/deps/chunk-TSRML2OT.js?v=8996e906:16963:34)
    at commitPassiveMountOnFiber (http://localhost:1420/node_modules/.vite/deps/chunk-TSRML2OT.js?v=8996e906:18206:19)
    at commitPassiveMountEffects_complete (http://localhost:1420/node_modules/.vite/deps/chunk-TSRML2OT.js?v=8996e906:18179:17)
    at commitPassiveMountEffects_begin (http://localhost:1420/node_modules/.vite/deps/chunk-TSRML2OT.js?v=8996e906:18169:15)
    at commitPassiveMountEffects (http://localhost:1420/node_modules/.vite/deps/chunk-TSRML2OT.js?v=8996e906:18159:11)
    at flushPassiveEffectsImpl (http://localhost:1420/node_modules/.vite/deps/chunk-TSRML2OT.js?v=8996e906:19543:11)
    at flushPassiveEffects (http://localhost:1420/node_modules/.vite/deps/chunk-TSRML2OT.js?v=8996e906:19500:22)
    at http://localhost:1420/node_modules/.vite/deps/chunk-TSRML2OT.js?v=8996e906:19381:17
    at workLoop (http://localhost:1420/node_modules/.vite/deps/chunk-TSRML2OT.js?v=8996e906:197:42)
[ 1163209ms] TypeError: app.workspace.registerFlusher is not a function
    at http://localhost:1420/src/features/editor/EditorPane.tsx?t=1781078317828:148:26
    at commitHookEffectListMount (http://localhost:1420/node_modules/.vite/deps/chunk-TSRML2OT.js?v=8996e906:16963:34)
    at invokePassiveEffectMountInDEV (http://localhost:1420/node_modules/.vite/deps/chunk-TSRML2OT.js?v=8996e906:18374:19)
    at invokeEffectsInDev (http://localhost:1420/node_modules/.vite/deps/chunk-TSRML2OT.js?v=8996e906:19754:19)
    at commitDoubleInvokeEffectsInDEV (http://localhost:1420/node_modules/.vite/deps/chunk-TSRML2OT.js?v=8996e906:19739:15)
    at flushPassiveEffectsImpl (http://localhost:1420/node_modules/.vite/deps/chunk-TSRML2OT.js?v=8996e906:19556:13)
    at flushPassiveEffects (http://localhost:1420/node_modules/.vite/deps/chunk-TSRML2OT.js?v=8996e906:19500:22)
    at http://localhost:1420/node_modules/.vite/deps/chunk-TSRML2OT.js?v=8996e906:19381:17
    at workLoop (http://localhost:1420/node_modules/.vite/deps/chunk-TSRML2OT.js?v=8996e906:197:42)
    at flushWork (http://localhost:1420/node_modules/.vite/deps/chunk-TSRML2OT.js?v=8996e906:176:22)
[ 1163210ms] [ERROR] The above error occurred in the <EditorPane> component:

    at EditorPane (http://localhost:1420/src/features/editor/EditorPane.tsx?t=1781078317828:29:30)
    at div
    at main
    at div
    at div
    at App (http://localhost:1420/src/app/App.tsx?t=1781078317828:34:15)
    at ErrorBoundary (http://localhost:1420/src/main.tsx?t=1781078317828:16:1)

React will try to recreate this component tree from scratch using the error boundary you provided, ErrorBoundary. @ http://localhost:1420/node_modules/.vite/deps/chunk-TSRML2OT.js?v=8996e906:14079
[ 1163210ms] [ERROR] [geode] render crashed TypeError: app.workspace.registerFlusher is not a function
    at http://localhost:1420/src/features/editor/EditorPane.tsx?t=1781078317828:148:26
    at commitHookEffectListMount (http://localhost:1420/node_modules/.vite/deps/chunk-TSRML2OT.js?v=8996e906:16963:34)
    at commitPassiveMountOnFiber (http://localhost:1420/node_modules/.vite/deps/chunk-TSRML2OT.js?v=8996e906:18206:19)
    at commitPassiveMountEffects_complete (http://localhost:1420/node_modules/.vite/deps/chunk-TSRML2OT.js?v=8996e906:18179:17)
    at commitPassiveMountEffects_begin (http://localhost:1420/node_modules/.vite/deps/chunk-TSRML2OT.js?v=8996e906:18169:15)
    at commitPassiveMountEffects (http://localhost:1420/node_modules/.vite/deps/chunk-TSRML2OT.js?v=8996e906:18159:11)
    at flushPassiveEffectsImpl (http://localhost:1420/node_modules/.vite/deps/chunk-TSRML2OT.js?v=8996e906:19543:11)
    at flushPassiveEffects (http://localhost:1420/node_modules/.vite/deps/chunk-TSRML2OT.js?v=8996e906:19500:22)
    at http://localhost:1420/node_modules/.vite/deps/chunk-TSRML2OT.js?v=8996e906:19381:17
    at workLoop (http://localhost:1420/node_modules/.vite/deps/chunk-TSRML2OT.js?v=8996e906:197:42) {componentStack: 
    at EditorPane (http://localhost:1420/src/feat…localhost:1420/src/main.tsx?t=1781078317828:16:1)} @ http://localhost:1420/src/main.tsx?t=1781078317828:21
[ 1163210ms] [ERROR] The above error occurred in the <EditorPane> component:

    at EditorPane (http://localhost:1420/src/features/editor/EditorPane.tsx?t=1781078317828:29:30)
    at div
    at main
    at div
    at div
    at App (http://localhost:1420/src/app/App.tsx?t=1781078317828:34:15)
    at ErrorBoundary (http://localhost:1420/src/main.tsx?t=1781078317828:16:1)

React will try to recreate this component tree from scratch using the error boundary you provided, ErrorBoundary. @ http://localhost:1420/node_modules/.vite/deps/chunk-TSRML2OT.js?v=8996e906:14079
[ 1163210ms] [ERROR] [geode] render crashed TypeError: app.workspace.registerFlusher is not a function
    at http://localhost:1420/src/features/editor/EditorPane.tsx?t=1781078317828:148:26
    at commitHookEffectListMount (http://localhost:1420/node_modules/.vite/deps/chunk-TSRML2OT.js?v=8996e906:16963:34)
    at invokePassiveEffectMountInDEV (http://localhost:1420/node_modules/.vite/deps/chunk-TSRML2OT.js?v=8996e906:18374:19)
    at invokeEffectsInDev (http://localhost:1420/node_modules/.vite/deps/chunk-TSRML2OT.js?v=8996e906:19754:19)
    at commitDoubleInvokeEffectsInDEV (http://localhost:1420/node_modules/.vite/deps/chunk-TSRML2OT.js?v=8996e906:19739:15)
    at flushPassiveEffectsImpl (http://localhost:1420/node_modules/.vite/deps/chunk-TSRML2OT.js?v=8996e906:19556:13)
    at flushPassiveEffects (http://localhost:1420/node_modules/.vite/deps/chunk-TSRML2OT.js?v=8996e906:19500:22)
    at http://localhost:1420/node_modules/.vite/deps/chunk-TSRML2OT.js?v=8996e906:19381:17
    at workLoop (http://localhost:1420/node_modules/.vite/deps/chunk-TSRML2OT.js?v=8996e906:197:42)
    at flushWork (http://localhost:1420/node_modules/.vite/deps/chunk-TSRML2OT.js?v=8996e906:176:22) {componentStack: 
    at EditorPane (http://localhost:1420/src/feat…localhost:1420/src/main.tsx?t=1781078317828:16:1)} @ http://localhost:1420/src/main.tsx?t=1781078317828:21
[ 1163223ms] TypeError: app.workspace.registerFlusher is not a function
    at http://localhost:1420/src/features/editor/EditorPane.tsx?t=1781078317828:148:26
    at commitHookEffectListMount (http://localhost:1420/node_modules/.vite/deps/chunk-TSRML2OT.js?v=8996e906:16963:34)
    at commitPassiveMountOnFiber (http://localhost:1420/node_modules/.vite/deps/chunk-TSRML2OT.js?v=8996e906:18206:19)
    at commitPassiveMountEffects_complete (http://localhost:1420/node_modules/.vite/deps/chunk-TSRML2OT.js?v=8996e906:18179:17)
    at commitPassiveMountEffects_begin (http://localhost:1420/node_modules/.vite/deps/chunk-TSRML2OT.js?v=8996e906:18169:15)
    at commitPassiveMountEffects (http://localhost:1420/node_modules/.vite/deps/chunk-TSRML2OT.js?v=8996e906:18159:11)
    at flushPassiveEffectsImpl (http://localhost:1420/node_modules/.vite/deps/chunk-TSRML2OT.js?v=8996e906:19543:11)
    at flushPassiveEffects (http://localhost:1420/node_modules/.vite/deps/chunk-TSRML2OT.js?v=8996e906:19500:22)
    at commitRootImpl (http://localhost:1420/node_modules/.vite/deps/chunk-TSRML2OT.js?v=8996e906:19469:13)
    at commitRoot (http://localhost:1420/node_modules/.vite/deps/chunk-TSRML2OT.js?v=8996e906:19330:13)
[ 1163224ms] TypeError: app.workspace.registerFlusher is not a function
    at http://localhost:1420/src/features/editor/EditorPane.tsx?t=1781078317828:148:26
    at commitHookEffectListMount (http://localhost:1420/node_modules/.vite/deps/chunk-TSRML2OT.js?v=8996e906:16963:34)
    at invokePassiveEffectMountInDEV (http://localhost:1420/node_modules/.vite/deps/chunk-TSRML2OT.js?v=8996e906:18374:19)
    at invokeEffectsInDev (http://localhost:1420/node_modules/.vite/deps/chunk-TSRML2OT.js?v=8996e906:19754:19)
    at commitDoubleInvokeEffectsInDEV (http://localhost:1420/node_modules/.vite/deps/chunk-TSRML2OT.js?v=8996e906:19739:15)
    at flushPassiveEffectsImpl (http://localhost:1420/node_modules/.vite/deps/chunk-TSRML2OT.js?v=8996e906:19556:13)
    at flushPassiveEffects (http://localhost:1420/node_modules/.vite/deps/chunk-TSRML2OT.js?v=8996e906:19500:22)
    at commitRootImpl (http://localhost:1420/node_modules/.vite/deps/chunk-TSRML2OT.js?v=8996e906:19469:13)
    at commitRoot (http://localhost:1420/node_modules/.vite/deps/chunk-TSRML2OT.js?v=8996e906:19330:13)
    at performSyncWorkOnRoot (http://localhost:1420/node_modules/.vite/deps/chunk-TSRML2OT.js?v=8996e906:18948:11)
[ 1163224ms] [ERROR] The above error occurred in the <EditorPane> component:

    at EditorPane (http://localhost:1420/src/features/editor/EditorPane.tsx?t=1781078317828:29:30)
    at div
    at main
    at div
    at div
    at App (http://localhost:1420/src/app/App.tsx?t=1781078317828:34:15)
    at ErrorBoundary (http://localhost:1420/src/main.tsx?t=1781078317828:16:1)

React will try to recreate this component tree from scratch using the error boundary you provided, ErrorBoundary. @ http://localhost:1420/node_modules/.vite/deps/chunk-TSRML2OT.js?v=8996e906:14079
[ 1163224ms] [ERROR] [geode] render crashed TypeError: app.workspace.registerFlusher is not a function
    at http://localhost:1420/src/features/editor/EditorPane.tsx?t=1781078317828:148:26
    at commitHookEffectListMount (http://localhost:1420/node_modules/.vite/deps/chunk-TSRML2OT.js?v=8996e906:16963:34)
    at commitPassiveMountOnFiber (http://localhost:1420/node_modules/.vite/deps/chunk-TSRML2OT.js?v=8996e906:18206:19)
    at commitPassiveMountEffects_complete (http://localhost:1420/node_modules/.vite/deps/chunk-TSRML2OT.js?v=8996e906:18179:17)
    at commitPassiveMountEffects_begin (http://localhost:1420/node_modules/.vite/deps/chunk-TSRML2OT.js?v=8996e906:18169:15)
    at commitPassiveMountEffects (http://localhost:1420/node_modules/.vite/deps/chunk-TSRML2OT.js?v=8996e906:18159:11)
    at flushPassiveEffectsImpl (http://localhost:1420/node_modules/.vite/deps/chunk-TSRML2OT.js?v=8996e906:19543:11)
    at flushPassiveEffects (http://localhost:1420/node_modules/.vite/deps/chunk-TSRML2OT.js?v=8996e906:19500:22)
    at commitRootImpl (http://localhost:1420/node_modules/.vite/deps/chunk-TSRML2OT.js?v=8996e906:19469:13)
    at commitRoot (http://localhost:1420/node_modules/.vite/deps/chunk-TSRML2OT.js?v=8996e906:19330:13) {componentStack: 
    at EditorPane (http://localhost:1420/src/feat…localhost:1420/src/main.tsx?t=1781078317828:16:1)} @ http://localhost:1420/src/main.tsx?t=1781078317828:21
[ 1163224ms] [ERROR] The above error occurred in the <EditorPane> component:

    at EditorPane (http://localhost:1420/src/features/editor/EditorPane.tsx?t=1781078317828:29:30)
    at div
    at main
    at div
    at div
    at App (http://localhost:1420/src/app/App.tsx?t=1781078317828:34:15)
    at ErrorBoundary (http://localhost:1420/src/main.tsx?t=1781078317828:16:1)

React will try to recreate this component tree from scratch using the error boundary you provided, ErrorBoundary. @ http://localhost:1420/node_modules/.vite/deps/chunk-TSRML2OT.js?v=8996e906:14079
[ 1163224ms] [ERROR] [geode] render crashed TypeError: app.workspace.registerFlusher is not a function
    at http://localhost:1420/src/features/editor/EditorPane.tsx?t=1781078317828:148:26
    at commitHookEffectListMount (http://localhost:1420/node_modules/.vite/deps/chunk-TSRML2OT.js?v=8996e906:16963:34)
    at invokePassiveEffectMountInDEV (http://localhost:1420/node_modules/.vite/deps/chunk-TSRML2OT.js?v=8996e906:18374:19)
    at invokeEffectsInDev (http://localhost:1420/node_modules/.vite/deps/chunk-TSRML2OT.js?v=8996e906:19754:19)
    at commitDoubleInvokeEffectsInDEV (http://localhost:1420/node_modules/.vite/deps/chunk-TSRML2OT.js?v=8996e906:19739:15)
    at flushPassiveEffectsImpl (http://localhost:1420/node_modules/.vite/deps/chunk-TSRML2OT.js?v=8996e906:19556:13)
    at flushPassiveEffects (http://localhost:1420/node_modules/.vite/deps/chunk-TSRML2OT.js?v=8996e906:19500:22)
    at commitRootImpl (http://localhost:1420/node_modules/.vite/deps/chunk-TSRML2OT.js?v=8996e906:19469:13)
    at commitRoot (http://localhost:1420/node_modules/.vite/deps/chunk-TSRML2OT.js?v=8996e906:19330:13)
    at performSyncWorkOnRoot (http://localhost:1420/node_modules/.vite/deps/chunk-TSRML2OT.js?v=8996e906:18948:11) {componentStack: 
    at EditorPane (http://localhost:1420/src/feat…localhost:1420/src/main.tsx?t=1781078317828:16:1)} @ http://localhost:1420/src/main.tsx?t=1781078317828:21
[ 1163335ms] [INFO] %cDownload the React DevTools for a better development experience: https://reactjs.org/link/react-devtools font-weight:bold @ http://localhost:1420/node_modules/.vite/deps/chunk-TSRML2OT.js?v=8996e906:21608
[ 1163364ms] TypeError: app.workspace.registerFlusher is not a function
    at http://localhost:1420/src/features/editor/EditorPane.tsx?t=1781078317828:148:26
    at commitHookEffectListMount (http://localhost:1420/node_modules/.vite/deps/chunk-TSRML2OT.js?v=8996e906:16963:34)
    at commitPassiveMountOnFiber (http://localhost:1420/node_modules/.vite/deps/chunk-TSRML2OT.js?v=8996e906:18206:19)
    at commitPassiveMountEffects_complete (http://localhost:1420/node_modules/.vite/deps/chunk-TSRML2OT.js?v=8996e906:18179:17)
    at commitPassiveMountEffects_begin (http://localhost:1420/node_modules/.vite/deps/chunk-TSRML2OT.js?v=8996e906:18169:15)
    at commitPassiveMountEffects (http://localhost:1420/node_modules/.vite/deps/chunk-TSRML2OT.js?v=8996e906:18159:11)
    at flushPassiveEffectsImpl (http://localhost:1420/node_modules/.vite/deps/chunk-TSRML2OT.js?v=8996e906:19543:11)
    at flushPassiveEffects (http://localhost:1420/node_modules/.vite/deps/chunk-TSRML2OT.js?v=8996e906:19500:22)
    at http://localhost:1420/node_modules/.vite/deps/chunk-TSRML2OT.js?v=8996e906:19381:17
    at workLoop (http://localhost:1420/node_modules/.vite/deps/chunk-TSRML2OT.js?v=8996e906:197:42)
[ 1163364ms] TypeError: app.workspace.registerFlusher is not a function
    at http://localhost:1420/src/features/editor/EditorPane.tsx?t=1781078317828:148:26
    at commitHookEffectListMount (http://localhost:1420/node_modules/.vite/deps/chunk-TSRML2OT.js?v=8996e906:16963:34)
    at invokePassiveEffectMountInDEV (http://localhost:1420/node_modules/.vite/deps/chunk-TSRML2OT.js?v=8996e906:18374:19)
    at invokeEffectsInDev (http://localhost:1420/node_modules/.vite/deps/chunk-TSRML2OT.js?v=8996e906:19754:19)
    at commitDoubleInvokeEffectsInDEV (http://localhost:1420/node_modules/.vite/deps/chunk-TSRML2OT.js?v=8996e906:19739:15)
    at flushPassiveEffectsImpl (http://localhost:1420/node_modules/.vite/deps/chunk-TSRML2OT.js?v=8996e906:19556:13)
    at flushPassiveEffects (http://localhost:1420/node_modules/.vite/deps/chunk-TSRML2OT.js?v=8996e906:19500:22)
    at http://localhost:1420/node_modules/.vite/deps/chunk-TSRML2OT.js?v=8996e906:19381:17
    at workLoop (http://localhost:1420/node_modules/.vite/deps/chunk-TSRML2OT.js?v=8996e906:197:42)
    at flushWork (http://localhost:1420/node_modules/.vite/deps/chunk-TSRML2OT.js?v=8996e906:176:22)
[ 1163357ms] [ERROR] The above error occurred in the <EditorPane> component:

    at EditorPane (http://localhost:1420/src/features/editor/EditorPane.tsx?t=1781078317828:29:30)
    at div
    at main
    at div
    at div
    at App (http://localhost:1420/src/app/App.tsx?t=1781078317828:34:15)
    at ErrorBoundary (http://localhost:1420/src/main.tsx?t=1781078317828:16:1)

React will try to recreate this component tree from scratch using the error boundary you provided, ErrorBoundary. @ http://localhost:1420/node_modules/.vite/deps/chunk-TSRML2OT.js?v=8996e906:14079
[ 1163357ms] [ERROR] [geode] render crashed TypeError: app.workspace.registerFlusher is not a function
    at http://localhost:1420/src/features/editor/EditorPane.tsx?t=1781078317828:148:26
    at commitHookEffectListMount (http://localhost:1420/node_modules/.vite/deps/chunk-TSRML2OT.js?v=8996e906:16963:34)
    at commitPassiveMountOnFiber (http://localhost:1420/node_modules/.vite/deps/chunk-TSRML2OT.js?v=8996e906:18206:19)
    at commitPassiveMountEffects_complete (http://localhost:1420/node_modules/.vite/deps/chunk-TSRML2OT.js?v=8996e906:18179:17)
    at commitPassiveMountEffects_begin (http://localhost:1420/node_modules/.vite/deps/chunk-TSRML2OT.js?v=8996e906:18169:15)
    at commitPassiveMountEffects (http://localhost:1420/node_modules/.vite/deps/chunk-TSRML2OT.js?v=8996e906:18159:11)
    at flushPassiveEffectsImpl (http://localhost:1420/node_modules/.vite/deps/chunk-TSRML2OT.js?v=8996e906:19543:11)
    at flushPassiveEffects (http://localhost:1420/node_modules/.vite/deps/chunk-TSRML2OT.js?v=8996e906:19500:22)
    at http://localhost:1420/node_modules/.vite/deps/chunk-TSRML2OT.js?v=8996e906:19381:17
    at workLoop (http://localhost:1420/node_modules/.vite/deps/chunk-TSRML2OT.js?v=8996e906:197:42) {componentStack: 
    at EditorPane (http://localhost:1420/src/feat…localhost:1420/src/main.tsx?t=1781078317828:16:1)} @ http://localhost:1420/src/main.tsx?t=1781078317828:21
[ 1163357ms] [ERROR] The above error occurred in the <EditorPane> component:

    at EditorPane (http://localhost:1420/src/features/editor/EditorPane.tsx?t=1781078317828:29:30)
    at div
    at main
    at div
    at div
    at App (http://localhost:1420/src/app/App.tsx?t=1781078317828:34:15)
    at ErrorBoundary (http://localhost:1420/src/main.tsx?t=1781078317828:16:1)

React will try to recreate this component tree from scratch using the error boundary you provided, ErrorBoundary. @ http://localhost:1420/node_modules/.vite/deps/chunk-TSRML2OT.js?v=8996e906:14079
[ 1163357ms] [ERROR] [geode] render crashed TypeError: app.workspace.registerFlusher is not a function
    at http://localhost:1420/src/features/editor/EditorPane.tsx?t=1781078317828:148:26
    at commitHookEffectListMount (http://localhost:1420/node_modules/.vite/deps/chunk-TSRML2OT.js?v=8996e906:16963:34)
    at invokePassiveEffectMountInDEV (http://localhost:1420/node_modules/.vite/deps/chunk-TSRML2OT.js?v=8996e906:18374:19)
    at invokeEffectsInDev (http://localhost:1420/node_modules/.vite/deps/chunk-TSRML2OT.js?v=8996e906:19754:19)
    at commitDoubleInvokeEffectsInDEV (http://localhost:1420/node_modules/.vite/deps/chunk-TSRML2OT.js?v=8996e906:19739:15)
    at flushPassiveEffectsImpl (http://localhost:1420/node_modules/.vite/deps/chunk-TSRML2OT.js?v=8996e906:19556:13)
    at flushPassiveEffects (http://localhost:1420/node_modules/.vite/deps/chunk-TSRML2OT.js?v=8996e906:19500:22)
    at http://localhost:1420/node_modules/.vite/deps/chunk-TSRML2OT.js?v=8996e906:19381:17
    at workLoop (http://localhost:1420/node_modules/.vite/deps/chunk-TSRML2OT.js?v=8996e906:197:42)
    at flushWork (http://localhost:1420/node_modules/.vite/deps/chunk-TSRML2OT.js?v=8996e906:176:22) {componentStack: 
    at EditorPane (http://localhost:1420/src/feat…localhost:1420/src/main.tsx?t=1781078317828:16:1)} @ http://localhost:1420/src/main.tsx?t=1781078317828:21
[ 1172054ms] [ERROR] Warning: You are calling ReactDOMClient.createRoot() on a container that has already been passed to createRoot() before. Instead, call root.render() on the existing root instead if you want to update it. @ http://localhost:1420/node_modules/.vite/deps/chunk-TSRML2OT.js?v=8996e906:520
[ 1172058ms] TypeError: app.workspace.registerFlusher is not a function
    at http://localhost:1420/src/features/editor/EditorPane.tsx?t=1781078325671:148:26
    at commitHookEffectListMount (http://localhost:1420/node_modules/.vite/deps/chunk-TSRML2OT.js?v=8996e906:16963:34)
    at commitPassiveMountOnFiber (http://localhost:1420/node_modules/.vite/deps/chunk-TSRML2OT.js?v=8996e906:18206:19)
    at commitPassiveMountEffects_complete (http://localhost:1420/node_modules/.vite/deps/chunk-TSRML2OT.js?v=8996e906:18179:17)
    at commitPassiveMountEffects_begin (http://localhost:1420/node_modules/.vite/deps/chunk-TSRML2OT.js?v=8996e906:18169:15)
    at commitPassiveMountEffects (http://localhost:1420/node_modules/.vite/deps/chunk-TSRML2OT.js?v=8996e906:18159:11)
    at flushPassiveEffectsImpl (http://localhost:1420/node_modules/.vite/deps/chunk-TSRML2OT.js?v=8996e906:19543:11)
    at flushPassiveEffects (http://localhost:1420/node_modules/.vite/deps/chunk-TSRML2OT.js?v=8996e906:19500:22)
    at http://localhost:1420/node_modules/.vite/deps/chunk-TSRML2OT.js?v=8996e906:19381:17
    at workLoop (http://localhost:1420/node_modules/.vite/deps/chunk-TSRML2OT.js?v=8996e906:197:42)
[ 1172059ms] TypeError: app.workspace.registerFlusher is not a function
    at http://localhost:1420/src/features/editor/EditorPane.tsx?t=1781078325671:148:26
    at commitHookEffectListMount (http://localhost:1420/node_modules/.vite/deps/chunk-TSRML2OT.js?v=8996e906:16963:34)
    at invokePassiveEffectMountInDEV (http://localhost:1420/node_modules/.vite/deps/chunk-TSRML2OT.js?v=8996e906:18374:19)
    at invokeEffectsInDev (http://localhost:1420/node_modules/.vite/deps/chunk-TSRML2OT.js?v=8996e906:19754:19)
    at commitDoubleInvokeEffectsInDEV (http://localhost:1420/node_modules/.vite/deps/chunk-TSRML2OT.js?v=8996e906:19739:15)
    at flushPassiveEffectsImpl (http://localhost:1420/node_modules/.vite/deps/chunk-TSRML2OT.js?v=8996e906:19556:13)
    at flushPassiveEffects (http://localhost:1420/node_modules/.vite/deps/chunk-TSRML2OT.js?v=8996e906:19500:22)
    at http://localhost:1420/node_modules/.vite/deps/chunk-TSRML2OT.js?v=8996e906:19381:17
    at workLoop (http://localhost:1420/node_modules/.vite/deps/chunk-TSRML2OT.js?v=8996e906:197:42)
    at flushWork (http://localhost:1420/node_modules/.vite/deps/chunk-TSRML2OT.js?v=8996e906:176:22)
[ 1172060ms] [ERROR] The above error occurred in the <EditorPane> component:

    at EditorPane (http://localhost:1420/src/features/editor/EditorPane.tsx?t=1781078325671:29:30)
    at div
    at main
    at div
    at div
    at App (http://localhost:1420/src/app/App.tsx?t=1781078325671:34:15)
    at ErrorBoundary (http://localhost:1420/src/main.tsx?t=1781078326696:16:1)

React will try to recreate this component tree from scratch using the error boundary you provided, ErrorBoundary. @ http://localhost:1420/node_modules/.vite/deps/chunk-TSRML2OT.js?v=8996e906:14079
[ 1172060ms] [ERROR] [geode] render crashed TypeError: app.workspace.registerFlusher is not a function
    at http://localhost:1420/src/features/editor/EditorPane.tsx?t=1781078325671:148:26
    at commitHookEffectListMount (http://localhost:1420/node_modules/.vite/deps/chunk-TSRML2OT.js?v=8996e906:16963:34)
    at commitPassiveMountOnFiber (http://localhost:1420/node_modules/.vite/deps/chunk-TSRML2OT.js?v=8996e906:18206:19)
    at commitPassiveMountEffects_complete (http://localhost:1420/node_modules/.vite/deps/chunk-TSRML2OT.js?v=8996e906:18179:17)
    at commitPassiveMountEffects_begin (http://localhost:1420/node_modules/.vite/deps/chunk-TSRML2OT.js?v=8996e906:18169:15)
    at commitPassiveMountEffects (http://localhost:1420/node_modules/.vite/deps/chunk-TSRML2OT.js?v=8996e906:18159:11)
    at flushPassiveEffectsImpl (http://localhost:1420/node_modules/.vite/deps/chunk-TSRML2OT.js?v=8996e906:19543:11)
    at flushPassiveEffects (http://localhost:1420/node_modules/.vite/deps/chunk-TSRML2OT.js?v=8996e906:19500:22)
    at http://localhost:1420/node_modules/.vite/deps/chunk-TSRML2OT.js?v=8996e906:19381:17
    at workLoop (http://localhost:1420/node_modules/.vite/deps/chunk-TSRML2OT.js?v=8996e906:197:42) {componentStack: 
    at EditorPane (http://localhost:1420/src/feat…localhost:1420/src/main.tsx?t=1781078326696:16:1)} @ http://localhost:1420/src/main.tsx?t=1781078326696:21
[ 1172060ms] [ERROR] The above error occurred in the <EditorPane> component:

    at EditorPane (http://localhost:1420/src/features/editor/EditorPane.tsx?t=1781078325671:29:30)
    at div
    at main
    at div
    at div
    at App (http://localhost:1420/src/app/App.tsx?t=1781078325671:34:15)
    at ErrorBoundary (http://localhost:1420/src/main.tsx?t=1781078326696:16:1)

React will try to recreate this component tree from scratch using the error boundary you provided, ErrorBoundary. @ http://localhost:1420/node_modules/.vite/deps/chunk-TSRML2OT.js?v=8996e906:14079
[ 1172060ms] [ERROR] [geode] render crashed TypeError: app.workspace.registerFlusher is not a function
    at http://localhost:1420/src/features/editor/EditorPane.tsx?t=1781078325671:148:26
    at commitHookEffectListMount (http://localhost:1420/node_modules/.vite/deps/chunk-TSRML2OT.js?v=8996e906:16963:34)
    at invokePassiveEffectMountInDEV (http://localhost:1420/node_modules/.vite/deps/chunk-TSRML2OT.js?v=8996e906:18374:19)
    at invokeEffectsInDev (http://localhost:1420/node_modules/.vite/deps/chunk-TSRML2OT.js?v=8996e906:19754:19)
    at commitDoubleInvokeEffectsInDEV (http://localhost:1420/node_modules/.vite/deps/chunk-TSRML2OT.js?v=8996e906:19739:15)
    at flushPassiveEffectsImpl (http://localhost:1420/node_modules/.vite/deps/chunk-TSRML2OT.js?v=8996e906:19556:13)
    at flushPassiveEffects (http://localhost:1420/node_modules/.vite/deps/chunk-TSRML2OT.js?v=8996e906:19500:22)
    at http://localhost:1420/node_modules/.vite/deps/chunk-TSRML2OT.js?v=8996e906:19381:17
    at workLoop (http://localhost:1420/node_modules/.vite/deps/chunk-TSRML2OT.js?v=8996e906:197:42)
    at flushWork (http://localhost:1420/node_modules/.vite/deps/chunk-TSRML2OT.js?v=8996e906:176:22) {componentStack: 
    at EditorPane (http://localhost:1420/src/feat…localhost:1420/src/main.tsx?t=1781078326696:16:1)} @ http://localhost:1420/src/main.tsx?t=1781078326696:21
[ 1172179ms] [INFO] %cDownload the React DevTools for a better development experience: https://reactjs.org/link/react-devtools font-weight:bold @ http://localhost:1420/node_modules/.vite/deps/chunk-TSRML2OT.js?v=8996e906:21608
[ 1172203ms] TypeError: app.workspace.registerFlusher is not a function
    at http://localhost:1420/src/features/editor/EditorPane.tsx?t=1781078325671:148:26
    at commitHookEffectListMount (http://localhost:1420/node_modules/.vite/deps/chunk-TSRML2OT.js?v=8996e906:16963:34)
    at commitPassiveMountOnFiber (http://localhost:1420/node_modules/.vite/deps/chunk-TSRML2OT.js?v=8996e906:18206:19)
    at commitPassiveMountEffects_complete (http://localhost:1420/node_modules/.vite/deps/chunk-TSRML2OT.js?v=8996e906:18179:17)
    at commitPassiveMountEffects_begin (http://localhost:1420/node_modules/.vite/deps/chunk-TSRML2OT.js?v=8996e906:18169:15)
    at commitPassiveMountEffects (http://localhost:1420/node_modules/.vite/deps/chunk-TSRML2OT.js?v=8996e906:18159:11)
    at flushPassiveEffectsImpl (http://localhost:1420/node_modules/.vite/deps/chunk-TSRML2OT.js?v=8996e906:19543:11)
    at flushPassiveEffects (http://localhost:1420/node_modules/.vite/deps/chunk-TSRML2OT.js?v=8996e906:19500:22)
    at http://localhost:1420/node_modules/.vite/deps/chunk-TSRML2OT.js?v=8996e906:19381:17
    at workLoop (http://localhost:1420/node_modules/.vite/deps/chunk-TSRML2OT.js?v=8996e906:197:42)
[ 1172207ms] TypeError: app.workspace.registerFlusher is not a function
    at http://localhost:1420/src/features/editor/EditorPane.tsx?t=1781078325671:148:26
    at commitHookEffectListMount (http://localhost:1420/node_modules/.vite/deps/chunk-TSRML2OT.js?v=8996e906:16963:34)
    at invokePassiveEffectMountInDEV (http://localhost:1420/node_modules/.vite/deps/chunk-TSRML2OT.js?v=8996e906:18374:19)
    at invokeEffectsInDev (http://localhost:1420/node_modules/.vite/deps/chunk-TSRML2OT.js?v=8996e906:19754:19)
    at commitDoubleInvokeEffectsInDEV (http://localhost:1420/node_modules/.vite/deps/chunk-TSRML2OT.js?v=8996e906:19739:15)
    at flushPassiveEffectsImpl (http://localhost:1420/node_modules/.vite/deps/chunk-TSRML2OT.js?v=8996e906:19556:13)
    at flushPassiveEffects (http://localhost:1420/node_modules/.vite/deps/chunk-TSRML2OT.js?v=8996e906:19500:22)
    at http://localhost:1420/node_modules/.vite/deps/chunk-TSRML2OT.js?v=8996e906:19381:17
    at workLoop (http://localhost:1420/node_modules/.vite/deps/chunk-TSRML2OT.js?v=8996e906:197:42)
    at flushWork (http://localhost:1420/node_modules/.vite/deps/chunk-TSRML2OT.js?v=8996e906:176:22)
[ 1172206ms] [ERROR] The above error occurred in the <EditorPane> component:

    at EditorPane (http://localhost:1420/src/features/editor/EditorPane.tsx?t=1781078325671:29:30)
    at div
    at main
    at div
    at div
    at App (http://localhost:1420/src/app/App.tsx?t=1781078325671:34:15)
    at ErrorBoundary (http://localhost:1420/src/main.tsx?t=1781078326696:16:1)

React will try to recreate this component tree from scratch using the error boundary you provided, ErrorBoundary. @ http://localhost:1420/node_modules/.vite/deps/chunk-TSRML2OT.js?v=8996e906:14079
[ 1172206ms] [ERROR] [geode] render crashed TypeError: app.workspace.registerFlusher is not a function
    at http://localhost:1420/src/features/editor/EditorPane.tsx?t=1781078325671:148:26
    at commitHookEffectListMount (http://localhost:1420/node_modules/.vite/deps/chunk-TSRML2OT.js?v=8996e906:16963:34)
    at commitPassiveMountOnFiber (http://localhost:1420/node_modules/.vite/deps/chunk-TSRML2OT.js?v=8996e906:18206:19)
    at commitPassiveMountEffects_complete (http://localhost:1420/node_modules/.vite/deps/chunk-TSRML2OT.js?v=8996e906:18179:17)
    at commitPassiveMountEffects_begin (http://localhost:1420/node_modules/.vite/deps/chunk-TSRML2OT.js?v=8996e906:18169:15)
    at commitPassiveMountEffects (http://localhost:1420/node_modules/.vite/deps/chunk-TSRML2OT.js?v=8996e906:18159:11)
    at flushPassiveEffectsImpl (http://localhost:1420/node_modules/.vite/deps/chunk-TSRML2OT.js?v=8996e906:19543:11)
    at flushPassiveEffects (http://localhost:1420/node_modules/.vite/deps/chunk-TSRML2OT.js?v=8996e906:19500:22)
    at http://localhost:1420/node_modules/.vite/deps/chunk-TSRML2OT.js?v=8996e906:19381:17
    at workLoop (http://localhost:1420/node_modules/.vite/deps/chunk-TSRML2OT.js?v=8996e906:197:42) {componentStack: 
    at EditorPane (http://localhost:1420/src/feat…localhost:1420/src/main.tsx?t=1781078326696:16:1)} @ http://localhost:1420/src/main.tsx?t=1781078326696:21
[ 1172206ms] [ERROR] The above error occurred in the <EditorPane> component:

    at EditorPane (http://localhost:1420/src/features/editor/EditorPane.tsx?t=1781078325671:29:30)
    at div
    at main
    at div
    at div
    at App (http://localhost:1420/src/app/App.tsx?t=1781078325671:34:15)
    at ErrorBoundary (http://localhost:1420/src/main.tsx?t=1781078326696:16:1)

React will try to recreate this component tree from scratch using the error boundary you provided, ErrorBoundary. @ http://localhost:1420/node_modules/.vite/deps/chunk-TSRML2OT.js?v=8996e906:14079
[ 1172206ms] [ERROR] [geode] render crashed TypeError: app.workspace.registerFlusher is not a function
    at http://localhost:1420/src/features/editor/EditorPane.tsx?t=1781078325671:148:26
    at commitHookEffectListMount (http://localhost:1420/node_modules/.vite/deps/chunk-TSRML2OT.js?v=8996e906:16963:34)
    at invokePassiveEffectMountInDEV (http://localhost:1420/node_modules/.vite/deps/chunk-TSRML2OT.js?v=8996e906:18374:19)
    at invokeEffectsInDev (http://localhost:1420/node_modules/.vite/deps/chunk-TSRML2OT.js?v=8996e906:19754:19)
    at commitDoubleInvokeEffectsInDEV (http://localhost:1420/node_modules/.vite/deps/chunk-TSRML2OT.js?v=8996e906:19739:15)
    at flushPassiveEffectsImpl (http://localhost:1420/node_modules/.vite/deps/chunk-TSRML2OT.js?v=8996e906:19556:13)
    at flushPassiveEffects (http://localhost:1420/node_modules/.vite/deps/chunk-TSRML2OT.js?v=8996e906:19500:22)
    at http://localhost:1420/node_modules/.vite/deps/chunk-TSRML2OT.js?v=8996e906:19381:17
    at workLoop (http://localhost:1420/node_modules/.vite/deps/chunk-TSRML2OT.js?v=8996e906:197:42)
    at flushWork (http://localhost:1420/node_modules/.vite/deps/chunk-TSRML2OT.js?v=8996e906:176:22) {componentStack: 
    at EditorPane (http://localhost:1420/src/feat…localhost:1420/src/main.tsx?t=1781078326696:16:1)} @ http://localhost:1420/src/main.tsx?t=1781078326696:21
[ 1175304ms] [ERROR] Warning: You are calling ReactDOMClient.createRoot() on a container that has already been passed to createRoot() before. Instead, call root.render() on the existing root instead if you want to update it. @ http://localhost:1420/node_modules/.vite/deps/chunk-TSRML2OT.js?v=8996e906:520
[ 1175392ms] [INFO] %cDownload the React DevTools for a better development experience: https://reactjs.org/link/react-devtools font-weight:bold @ http://localhost:1420/node_modules/.vite/deps/chunk-TSRML2OT.js?v=8996e906:21608
[ 1182955ms] [ERROR] Warning: You are calling ReactDOMClient.createRoot() on a container that has already been passed to createRoot() before. Instead, call root.render() on the existing root instead if you want to update it. @ http://localhost:1420/node_modules/.vite/deps/chunk-TSRML2OT.js?v=8996e906:520
[ 1183068ms] [INFO] %cDownload the React DevTools for a better development experience: https://reactjs.org/link/react-devtools font-weight:bold @ http://localhost:1420/node_modules/.vite/deps/chunk-TSRML2OT.js?v=8996e906:21608
[ 1191505ms] [ERROR] Warning: You are calling ReactDOMClient.createRoot() on a container that has already been passed to createRoot() before. Instead, call root.render() on the existing root instead if you want to update it. @ http://localhost:1420/node_modules/.vite/deps/chunk-TSRML2OT.js?v=8996e906:520
[ 1191616ms] [INFO] %cDownload the React DevTools for a better development experience: https://reactjs.org/link/react-devtools font-weight:bold @ http://localhost:1420/node_modules/.vite/deps/chunk-TSRML2OT.js?v=8996e906:21608
[ 1199983ms] [ERROR] Warning: You are calling ReactDOMClient.createRoot() on a container that has already been passed to createRoot() before. Instead, call root.render() on the existing root instead if you want to update it. @ http://localhost:1420/node_modules/.vite/deps/chunk-TSRML2OT.js?v=8996e906:520
[ 1200107ms] [INFO] %cDownload the React DevTools for a better development experience: https://reactjs.org/link/react-devtools font-weight:bold @ http://localhost:1420/node_modules/.vite/deps/chunk-TSRML2OT.js?v=8996e906:21608
