[      60ms] [INFO] %cDownload the React DevTools for a better development experience: https://reactjs.org/link/react-devtools font-weight:bold @ http://localhost:1420/node_modules/.vite/deps/chunk-TSRML2OT.js?v=8996e906:21608
[  168290ms] [ERROR] Warning: You are calling ReactDOMClient.createRoot() on a container that has already been passed to createRoot() before. Instead, call root.render() on the existing root instead if you want to update it. @ http://localhost:1420/node_modules/.vite/deps/chunk-TSRML2OT.js?v=8996e906:520
[  168419ms] [INFO] %cDownload the React DevTools for a better development experience: https://reactjs.org/link/react-devtools font-weight:bold @ http://localhost:1420/node_modules/.vite/deps/chunk-TSRML2OT.js?v=8996e906:21608
[  480947ms] [LOG] [vite] server connection lost. Polling for restart... @ http://localhost:1420/@vite/client:963
[  483279ms] [ERROR] WebSocket connection to 'ws://localhost:1420/' failed: Error in connection establishment: net::ERR_CONNECTION_REFUSED @ http://localhost:1420/@vite/client:1034
[  486620ms] [ERROR] WebSocket connection to 'ws://localhost:1420/' failed: Error in connection establishment: net::ERR_CONNECTION_REFUSED @ http://localhost:1420/@vite/client:1034
[  489969ms] [ERROR] WebSocket connection to 'ws://localhost:1420/' failed: Error in connection establishment: net::ERR_CONNECTION_REFUSED @ http://localhost:1420/@vite/client:1034
[  493306ms] [ERROR] WebSocket connection to 'ws://localhost:1420/' failed: Error in connection establishment: net::ERR_CONNECTION_REFUSED @ http://localhost:1420/@vite/client:1034
[  496673ms] [ERROR] WebSocket connection to 'ws://localhost:1420/' failed: Error in connection establishment: net::ERR_CONNECTION_REFUSED @ http://localhost:1420/@vite/client:1034
[  500038ms] [ERROR] WebSocket connection to 'ws://localhost:1420/' failed: Error in connection establishment: net::ERR_CONNECTION_REFUSED @ http://localhost:1420/@vite/client:1034
[  503400ms] [ERROR] WebSocket connection to 'ws://localhost:1420/' failed: Error in connection establishment: net::ERR_CONNECTION_REFUSED @ http://localhost:1420/@vite/client:1034
[  506751ms] [ERROR] WebSocket connection to 'ws://localhost:1420/' failed: Error in connection establishment: net::ERR_CONNECTION_REFUSED @ http://localhost:1420/@vite/client:1034
[  510117ms] [ERROR] WebSocket connection to 'ws://localhost:1420/' failed: Error in connection establishment: net::ERR_CONNECTION_REFUSED @ http://localhost:1420/@vite/client:1034
[  513499ms] [ERROR] WebSocket connection to 'ws://localhost:1420/' failed: Error in connection establishment: net::ERR_CONNECTION_REFUSED @ http://localhost:1420/@vite/client:1034
[  516884ms] [ERROR] WebSocket connection to 'ws://localhost:1420/' failed: Error in connection establishment: net::ERR_CONNECTION_REFUSED @ http://localhost:1420/@vite/client:1034
[  520312ms] [ERROR] WebSocket connection to 'ws://localhost:1420/' failed: Error in connection establishment: net::ERR_CONNECTION_REFUSED @ http://localhost:1420/@vite/client:1034
[  523819ms] [ERROR] WebSocket connection to 'ws://localhost:1420/' failed: Error in connection establishment: net::ERR_CONNECTION_REFUSED @ http://localhost:1420/@vite/client:1034
[  527780ms] [ERROR] WebSocket connection to 'ws://localhost:1420/' failed: Error in connection establishment: net::ERR_CONNECTION_REFUSED @ http://localhost:1420/@vite/client:1034
[  532075ms] [ERROR] WebSocket connection to 'ws://localhost:1420/' failed: Error in connection establishment: net::ERR_CONNECTION_REFUSED @ http://localhost:1420/@vite/client:1034
[  537028ms] [ERROR] WebSocket connection to 'ws://localhost:1420/' failed: Error in connection establishment: net::ERR_CONNECTION_REFUSED @ http://localhost:1420/@vite/client:1034
[  543693ms] [ERROR] WebSocket connection to 'ws://localhost:1420/' failed: Error in connection establishment: net::ERR_CONNECTION_REFUSED @ http://localhost:1420/@vite/client:1034
[  548493ms] [ERROR] WebSocket connection to 'ws://localhost:1420/' failed: Error in connection establishment: net::ERR_CONNECTION_REFUSED @ http://localhost:1420/@vite/client:1034
[  556370ms] [ERROR] WebSocket connection to 'ws://localhost:1420/' failed: Error in connection establishment: net::ERR_CONNECTION_REFUSED @ http://localhost:1420/@vite/client:1034
[  563173ms] [ERROR] WebSocket connection to 'ws://localhost:1420/' failed: Error in connection establishment: net::ERR_CONNECTION_REFUSED @ http://localhost:1420/@vite/client:1034
[  569340ms] [ERROR] WebSocket connection to 'ws://localhost:1420/' failed: Error in connection establishment: net::ERR_CONNECTION_REFUSED @ http://localhost:1420/@vite/client:1034
[  574466ms] [ERROR] WebSocket connection to 'ws://localhost:1420/' failed: Error in connection establishment: net::ERR_CONNECTION_REFUSED @ http://localhost:1420/@vite/client:1034
[  580067ms] [ERROR] WebSocket connection to 'ws://localhost:1420/' failed: Error in connection establishment: net::ERR_CONNECTION_REFUSED @ http://localhost:1420/@vite/client:1034
[  585246ms] [ERROR] WebSocket connection to 'ws://localhost:1420/' failed: Error in connection establishment: net::ERR_CONNECTION_REFUSED @ http://localhost:1420/@vite/client:1034
[  592033ms] [ERROR] WebSocket connection to 'ws://localhost:1420/' failed: Error in connection establishment: net::ERR_CONNECTION_REFUSED @ http://localhost:1420/@vite/client:1034
[  598615ms] [ERROR] WebSocket connection to 'ws://localhost:1420/' failed: Error in connection establishment: net::ERR_CONNECTION_REFUSED @ http://localhost:1420/@vite/client:1034
[  606116ms] [ERROR] WebSocket connection to 'ws://localhost:1420/' failed: Error in connection establishment: net::ERR_CONNECTION_REFUSED @ http://localhost:1420/@vite/client:1034
[  612763ms] [ERROR] WebSocket connection to 'ws://localhost:1420/' failed: Error in connection establishment: net::ERR_CONNECTION_REFUSED @ http://localhost:1420/@vite/client:1034
[  620934ms] [ERROR] WebSocket connection to 'ws://localhost:1420/' failed: Error in connection establishment: net::ERR_CONNECTION_REFUSED @ http://localhost:1420/@vite/client:1034
[  627611ms] [ERROR] WebSocket connection to 'ws://localhost:1420/' failed: Error in connection establishment: net::ERR_CONNECTION_REFUSED @ http://localhost:1420/@vite/client:1034
[  632430ms] [ERROR] WebSocket connection to 'ws://localhost:1420/' failed: Error in connection establishment: net::ERR_CONNECTION_REFUSED @ http://localhost:1420/@vite/client:1034
[  639031ms] [ERROR] WebSocket connection to 'ws://localhost:1420/' failed: Error in connection establishment: net::ERR_CONNECTION_REFUSED @ http://localhost:1420/@vite/client:1034
[  644116ms] [ERROR] WebSocket connection to 'ws://localhost:1420/' failed: Error in connection establishment: net::ERR_CONNECTION_REFUSED @ http://localhost:1420/@vite/client:1034
[  649190ms] [ERROR] WebSocket connection to 'ws://localhost:1420/' failed: Error in connection establishment: net::ERR_CONNECTION_REFUSED @ http://localhost:1420/@vite/client:1034
[  653832ms] [ERROR] WebSocket connection to 'ws://localhost:1420/' failed: Error in connection establishment: net::ERR_CONNECTION_REFUSED @ http://localhost:1420/@vite/client:1034
[  660821ms] [ERROR] WebSocket connection to 'ws://localhost:1420/' failed: Error in connection establishment: net::ERR_CONNECTION_REFUSED @ http://localhost:1420/@vite/client:1034
[  668700ms] [ERROR] WebSocket connection to 'ws://localhost:1420/' failed: Error in connection establishment: net::ERR_CONNECTION_REFUSED @ http://localhost:1420/@vite/client:1034
[  675934ms] [ERROR] WebSocket connection to 'ws://localhost:1420/' failed: Error in connection establishment: net::ERR_CONNECTION_REFUSED @ http://localhost:1420/@vite/client:1034
[  680562ms] [ERROR] WebSocket connection to 'ws://localhost:1420/' failed: Error in connection establishment: net::ERR_CONNECTION_REFUSED @ http://localhost:1420/@vite/client:1034
[  688648ms] [ERROR] WebSocket connection to 'ws://localhost:1420/' failed: Error in connection establishment: net::ERR_CONNECTION_REFUSED @ http://localhost:1420/@vite/client:1034
[  694036ms] [ERROR] WebSocket connection to 'ws://localhost:1420/' failed: Error in connection establishment: net::ERR_CONNECTION_REFUSED @ http://localhost:1420/@vite/client:1034
[  699655ms] [ERROR] WebSocket connection to 'ws://localhost:1420/' failed: Error in connection establishment: net::ERR_CONNECTION_REFUSED @ http://localhost:1420/@vite/client:1034
[  705045ms] [ERROR] WebSocket connection to 'ws://localhost:1420/' failed: Error in connection establishment: net::ERR_CONNECTION_REFUSED @ http://localhost:1420/@vite/client:1034
[  711814ms] [ERROR] WebSocket connection to 'ws://localhost:1420/' failed: Error in connection establishment: net::ERR_CONNECTION_REFUSED @ http://localhost:1420/@vite/client:1034
[  719966ms] [ERROR] WebSocket connection to 'ws://localhost:1420/' failed: Error in connection establishment: net::ERR_CONNECTION_REFUSED @ http://localhost:1420/@vite/client:1034
[  723314ms] [ERROR] WebSocket connection to 'ws://localhost:1420/' failed: Error in connection establishment: net::ERR_CONNECTION_REFUSED @ http://localhost:1420/@vite/client:1034
[  726677ms] [ERROR] WebSocket connection to 'ws://localhost:1420/' failed: Error in connection establishment: net::ERR_CONNECTION_REFUSED @ http://localhost:1420/@vite/client:1034
[  730045ms] [ERROR] WebSocket connection to 'ws://localhost:1420/' failed: Error in connection establishment: net::ERR_CONNECTION_REFUSED @ http://localhost:1420/@vite/client:1034
[  733396ms] [ERROR] WebSocket connection to 'ws://localhost:1420/' failed: Error in connection establishment: net::ERR_CONNECTION_REFUSED @ http://localhost:1420/@vite/client:1034
[  736758ms] [ERROR] WebSocket connection to 'ws://localhost:1420/' failed: Error in connection establishment: net::ERR_CONNECTION_REFUSED @ http://localhost:1420/@vite/client:1034
[  740122ms] [ERROR] WebSocket connection to 'ws://localhost:1420/' failed: Error in connection establishment: net::ERR_CONNECTION_REFUSED @ http://localhost:1420/@vite/client:1034
[  743491ms] [ERROR] WebSocket connection to 'ws://localhost:1420/' failed: Error in connection establishment: net::ERR_CONNECTION_REFUSED @ http://localhost:1420/@vite/client:1034
[  746871ms] [ERROR] WebSocket connection to 'ws://localhost:1420/' failed: Error in connection establishment: net::ERR_CONNECTION_REFUSED @ http://localhost:1420/@vite/client:1034
[  750225ms] [ERROR] WebSocket connection to 'ws://localhost:1420/' failed: Error in connection establishment: net::ERR_CONNECTION_REFUSED @ http://localhost:1420/@vite/client:1034
[  753602ms] [ERROR] WebSocket connection to 'ws://localhost:1420/' failed: Error in connection establishment: net::ERR_CONNECTION_REFUSED @ http://localhost:1420/@vite/client:1034
[  757020ms] [ERROR] WebSocket connection to 'ws://localhost:1420/' failed: Error in connection establishment: net::ERR_CONNECTION_REFUSED @ http://localhost:1420/@vite/client:1034
[  760435ms] [ERROR] WebSocket connection to 'ws://localhost:1420/' failed: Error in connection establishment: net::ERR_CONNECTION_REFUSED @ http://localhost:1420/@vite/client:1034
[  763989ms] [ERROR] WebSocket connection to 'ws://localhost:1420/' failed: Error in connection establishment: net::ERR_CONNECTION_REFUSED @ http://localhost:1420/@vite/client:1034
[  767816ms] [ERROR] WebSocket connection to 'ws://localhost:1420/' failed: Error in connection establishment: net::ERR_CONNECTION_REFUSED @ http://localhost:1420/@vite/client:1034
[  772379ms] [ERROR] WebSocket connection to 'ws://localhost:1420/' failed: Error in connection establishment: net::ERR_CONNECTION_REFUSED @ http://localhost:1420/@vite/client:1034
[  777289ms] [ERROR] WebSocket connection to 'ws://localhost:1420/' failed: Error in connection establishment: net::ERR_CONNECTION_REFUSED @ http://localhost:1420/@vite/client:1034
[  784753ms] [ERROR] WebSocket connection to 'ws://localhost:1420/' failed: Error in connection establishment: net::ERR_CONNECTION_REFUSED @ http://localhost:1420/@vite/client:1034
[  791493ms] [ERROR] WebSocket connection to 'ws://localhost:1420/' failed: Error in connection establishment: net::ERR_CONNECTION_REFUSED @ http://localhost:1420/@vite/client:1034
[  799503ms] [ERROR] WebSocket connection to 'ws://localhost:1420/' failed: Error in connection establishment: net::ERR_CONNECTION_REFUSED @ http://localhost:1420/@vite/client:1034
[  805833ms] [ERROR] WebSocket connection to 'ws://localhost:1420/' failed: Error in connection establishment: net::ERR_CONNECTION_REFUSED @ http://localhost:1420/@vite/client:1034
[  814027ms] [ERROR] WebSocket connection to 'ws://localhost:1420/' failed: Error in connection establishment: net::ERR_CONNECTION_REFUSED @ http://localhost:1420/@vite/client:1034
[  819433ms] [ERROR] WebSocket connection to 'ws://localhost:1420/' failed: Error in connection establishment: net::ERR_CONNECTION_REFUSED @ http://localhost:1420/@vite/client:1034
[  825332ms] [ERROR] WebSocket connection to 'ws://localhost:1420/' failed: Error in connection establishment: net::ERR_CONNECTION_REFUSED @ http://localhost:1420/@vite/client:1034
[  832727ms] [ERROR] WebSocket connection to 'ws://localhost:1420/' failed: Error in connection establishment: net::ERR_CONNECTION_REFUSED @ http://localhost:1420/@vite/client:1034
[  837275ms] [ERROR] WebSocket connection to 'ws://localhost:1420/' failed: Error in connection establishment: net::ERR_CONNECTION_REFUSED @ http://localhost:1420/@vite/client:1034
[  844048ms] [ERROR] WebSocket connection to 'ws://localhost:1420/' failed: Error in connection establishment: net::ERR_CONNECTION_REFUSED @ http://localhost:1420/@vite/client:1034
[  850643ms] [ERROR] WebSocket connection to 'ws://localhost:1420/' failed: Error in connection establishment: net::ERR_CONNECTION_REFUSED @ http://localhost:1420/@vite/client:1034
[  856263ms] [ERROR] WebSocket connection to 'ws://localhost:1420/' failed: Error in connection establishment: net::ERR_CONNECTION_REFUSED @ http://localhost:1420/@vite/client:1034
[  862110ms] [ERROR] WebSocket connection to 'ws://localhost:1420/' failed: Error in connection establishment: net::ERR_CONNECTION_REFUSED @ http://localhost:1420/@vite/client:1034
[  868180ms] [ERROR] WebSocket connection to 'ws://localhost:1420/' failed: Error in connection establishment: net::ERR_CONNECTION_REFUSED @ http://localhost:1420/@vite/client:1034
[  872837ms] [ERROR] WebSocket connection to 'ws://localhost:1420/' failed: Error in connection establishment: net::ERR_CONNECTION_REFUSED @ http://localhost:1420/@vite/client:1034
[  878216ms] [ERROR] WebSocket connection to 'ws://localhost:1420/' failed: Error in connection establishment: net::ERR_CONNECTION_REFUSED @ http://localhost:1420/@vite/client:1034
[  884709ms] [ERROR] WebSocket connection to 'ws://localhost:1420/' failed: Error in connection establishment: net::ERR_CONNECTION_REFUSED @ http://localhost:1420/@vite/client:1034
[  890457ms] [ERROR] WebSocket connection to 'ws://localhost:1420/' failed: Error in connection establishment: net::ERR_CONNECTION_REFUSED @ http://localhost:1420/@vite/client:1034
[  898062ms] [ERROR] WebSocket connection to 'ws://localhost:1420/' failed: Error in connection establishment: net::ERR_CONNECTION_REFUSED @ http://localhost:1420/@vite/client:1034
[  903800ms] [ERROR] WebSocket connection to 'ws://localhost:1420/' failed: Error in connection establishment: net::ERR_CONNECTION_REFUSED @ http://localhost:1420/@vite/client:1034
[  910450ms] [ERROR] WebSocket connection to 'ws://localhost:1420/' failed: Error in connection establishment: net::ERR_CONNECTION_REFUSED @ http://localhost:1420/@vite/client:1034
[  917986ms] [ERROR] WebSocket connection to 'ws://localhost:1420/' failed: Error in connection establishment: net::ERR_CONNECTION_REFUSED @ http://localhost:1420/@vite/client:1034
[  923509ms] [ERROR] WebSocket connection to 'ws://localhost:1420/' failed: Error in connection establishment: net::ERR_CONNECTION_REFUSED @ http://localhost:1420/@vite/client:1034
[  931875ms] [ERROR] WebSocket connection to 'ws://localhost:1420/' failed: Error in connection establishment: net::ERR_CONNECTION_REFUSED @ http://localhost:1420/@vite/client:1034
[  938681ms] [ERROR] WebSocket connection to 'ws://localhost:1420/' failed: Error in connection establishment: net::ERR_CONNECTION_REFUSED @ http://localhost:1420/@vite/client:1034
[  945494ms] [ERROR] WebSocket connection to 'ws://localhost:1420/' failed: Error in connection establishment: net::ERR_CONNECTION_REFUSED @ http://localhost:1420/@vite/client:1034
[  953374ms] [ERROR] WebSocket connection to 'ws://localhost:1420/' failed: Error in connection establishment: net::ERR_CONNECTION_REFUSED @ http://localhost:1420/@vite/client:1034
[  959198ms] [ERROR] WebSocket connection to 'ws://localhost:1420/' failed: Error in connection establishment: net::ERR_CONNECTION_REFUSED @ http://localhost:1420/@vite/client:1034
[  964605ms] [ERROR] WebSocket connection to 'ws://localhost:1420/' failed: Error in connection establishment: net::ERR_CONNECTION_REFUSED @ http://localhost:1420/@vite/client:1034
[  969529ms] [ERROR] WebSocket connection to 'ws://localhost:1420/' failed: Error in connection establishment: net::ERR_CONNECTION_REFUSED @ http://localhost:1420/@vite/client:1034
[  973963ms] [ERROR] WebSocket connection to 'ws://localhost:1420/' failed: Error in connection establishment: net::ERR_CONNECTION_REFUSED @ http://localhost:1420/@vite/client:1034
[  978757ms] [ERROR] WebSocket connection to 'ws://localhost:1420/' failed: Error in connection establishment: net::ERR_CONNECTION_REFUSED @ http://localhost:1420/@vite/client:1034
[  983167ms] [ERROR] WebSocket connection to 'ws://localhost:1420/' failed: Error in connection establishment: net::ERR_CONNECTION_REFUSED @ http://localhost:1420/@vite/client:1034
[  990845ms] [ERROR] WebSocket connection to 'ws://localhost:1420/' failed: Error in connection establishment: net::ERR_CONNECTION_REFUSED @ http://localhost:1420/@vite/client:1034
[  998006ms] [ERROR] WebSocket connection to 'ws://localhost:1420/' failed: Error in connection establishment: net::ERR_CONNECTION_REFUSED @ http://localhost:1420/@vite/client:1034
[ 1005999ms] [ERROR] WebSocket connection to 'ws://localhost:1420/' failed: Error in connection establishment: net::ERR_CONNECTION_REFUSED @ http://localhost:1420/@vite/client:1034
[ 1010573ms] [ERROR] WebSocket connection to 'ws://localhost:1420/' failed: Error in connection establishment: net::ERR_CONNECTION_REFUSED @ http://localhost:1420/@vite/client:1034
[ 1016542ms] [ERROR] WebSocket connection to 'ws://localhost:1420/' failed: Error in connection establishment: net::ERR_CONNECTION_REFUSED @ http://localhost:1420/@vite/client:1034
[ 1023211ms] [ERROR] WebSocket connection to 'ws://localhost:1420/' failed: Error in connection establishment: net::ERR_CONNECTION_REFUSED @ http://localhost:1420/@vite/client:1034
[ 1028837ms] [ERROR] WebSocket connection to 'ws://localhost:1420/' failed: Error in connection establishment: net::ERR_CONNECTION_REFUSED @ http://localhost:1420/@vite/client:1034
[ 1034371ms] [ERROR] WebSocket connection to 'ws://localhost:1420/' failed: Error in connection establishment: net::ERR_CONNECTION_REFUSED @ http://localhost:1420/@vite/client:1034
[ 1041494ms] [ERROR] WebSocket connection to 'ws://localhost:1420/' failed: Error in connection establishment: net::ERR_CONNECTION_REFUSED @ http://localhost:1420/@vite/client:1034
[ 1046912ms] [ERROR] WebSocket connection to 'ws://localhost:1420/' failed: Error in connection establishment: net::ERR_CONNECTION_REFUSED @ http://localhost:1420/@vite/client:1034
[ 1052930ms] [ERROR] WebSocket connection to 'ws://localhost:1420/' failed: Error in connection establishment: net::ERR_CONNECTION_REFUSED @ http://localhost:1420/@vite/client:1034
[ 1058366ms] [ERROR] WebSocket connection to 'ws://localhost:1420/' failed: Error in connection establishment: net::ERR_CONNECTION_REFUSED @ http://localhost:1420/@vite/client:1034
[ 1065364ms] [ERROR] WebSocket connection to 'ws://localhost:1420/' failed: Error in connection establishment: net::ERR_CONNECTION_REFUSED @ http://localhost:1420/@vite/client:1034
[ 1072904ms] [ERROR] WebSocket connection to 'ws://localhost:1420/' failed: Error in connection establishment: net::ERR_CONNECTION_REFUSED @ http://localhost:1420/@vite/client:1034
[ 1078365ms] [ERROR] WebSocket connection to 'ws://localhost:1420/' failed: Error in connection establishment: net::ERR_CONNECTION_REFUSED @ http://localhost:1420/@vite/client:1034
[ 1083513ms] [ERROR] WebSocket connection to 'ws://localhost:1420/' failed: Error in connection establishment: net::ERR_CONNECTION_REFUSED @ http://localhost:1420/@vite/client:1034
[ 1088102ms] [ERROR] WebSocket connection to 'ws://localhost:1420/' failed: Error in connection establishment: net::ERR_CONNECTION_REFUSED @ http://localhost:1420/@vite/client:1034
[ 1092816ms] [ERROR] WebSocket connection to 'ws://localhost:1420/' failed: Error in connection establishment: net::ERR_CONNECTION_REFUSED @ http://localhost:1420/@vite/client:1034
[ 1100017ms] [ERROR] WebSocket connection to 'ws://localhost:1420/' failed: Error in connection establishment: net::ERR_CONNECTION_REFUSED @ http://localhost:1420/@vite/client:1034
[ 1104974ms] [ERROR] WebSocket connection to 'ws://localhost:1420/' failed: Error in connection establishment: net::ERR_CONNECTION_REFUSED @ http://localhost:1420/@vite/client:1034
[ 1111710ms] [ERROR] WebSocket connection to 'ws://localhost:1420/' failed: Error in connection establishment: net::ERR_CONNECTION_REFUSED @ http://localhost:1420/@vite/client:1034
[ 1118560ms] [ERROR] WebSocket connection to 'ws://localhost:1420/' failed: Error in connection establishment: net::ERR_CONNECTION_REFUSED @ http://localhost:1420/@vite/client:1034
[ 1125504ms] [ERROR] WebSocket connection to 'ws://localhost:1420/' failed: Error in connection establishment: net::ERR_CONNECTION_REFUSED @ http://localhost:1420/@vite/client:1034
[ 1132235ms] [ERROR] WebSocket connection to 'ws://localhost:1420/' failed: Error in connection establishment: net::ERR_CONNECTION_REFUSED @ http://localhost:1420/@vite/client:1034
[ 1139244ms] [ERROR] WebSocket connection to 'ws://localhost:1420/' failed: Error in connection establishment: net::ERR_CONNECTION_REFUSED @ http://localhost:1420/@vite/client:1034
[ 1144609ms] [ERROR] WebSocket connection to 'ws://localhost:1420/' failed: Error in connection establishment: net::ERR_CONNECTION_REFUSED @ http://localhost:1420/@vite/client:1034
[ 1151990ms] [ERROR] WebSocket connection to 'ws://localhost:1420/' failed: Error in connection establishment: net::ERR_CONNECTION_REFUSED @ http://localhost:1420/@vite/client:1034
[ 1157472ms] [ERROR] WebSocket connection to 'ws://localhost:1420/' failed: Error in connection establishment: net::ERR_CONNECTION_REFUSED @ http://localhost:1420/@vite/client:1034
[ 1164173ms] [ERROR] WebSocket connection to 'ws://localhost:1420/' failed: Error in connection establishment: net::ERR_CONNECTION_REFUSED @ http://localhost:1420/@vite/client:1034
[ 1172527ms] [ERROR] WebSocket connection to 'ws://localhost:1420/' failed: Error in connection establishment: net::ERR_CONNECTION_REFUSED @ http://localhost:1420/@vite/client:1034
[ 1179027ms] [ERROR] WebSocket connection to 'ws://localhost:1420/' failed: Error in connection establishment: net::ERR_CONNECTION_REFUSED @ http://localhost:1420/@vite/client:1034
[ 1184335ms] [ERROR] WebSocket connection to 'ws://localhost:1420/' failed: Error in connection establishment: net::ERR_CONNECTION_REFUSED @ http://localhost:1420/@vite/client:1034
[ 1190914ms] [ERROR] WebSocket connection to 'ws://localhost:1420/' failed: Error in connection establishment: net::ERR_CONNECTION_REFUSED @ http://localhost:1420/@vite/client:1034
[ 1196922ms] [ERROR] WebSocket connection to 'ws://localhost:1420/' failed: Error in connection establishment: net::ERR_CONNECTION_REFUSED @ http://localhost:1420/@vite/client:1034
[ 1201908ms] [ERROR] WebSocket connection to 'ws://localhost:1420/' failed: Error in connection establishment: net::ERR_CONNECTION_REFUSED @ http://localhost:1420/@vite/client:1034
[ 1208731ms] [ERROR] WebSocket connection to 'ws://localhost:1420/' failed: Error in connection establishment: net::ERR_CONNECTION_REFUSED @ http://localhost:1420/@vite/client:1034
[ 1214164ms] [ERROR] WebSocket connection to 'ws://localhost:1420/' failed: Error in connection establishment: net::ERR_CONNECTION_REFUSED @ http://localhost:1420/@vite/client:1034
[ 1219418ms] [ERROR] WebSocket connection to 'ws://localhost:1420/' failed: Error in connection establishment: net::ERR_CONNECTION_REFUSED @ http://localhost:1420/@vite/client:1034
[ 1223963ms] [ERROR] WebSocket connection to 'ws://localhost:1420/' failed: Error in connection establishment: net::ERR_CONNECTION_REFUSED @ http://localhost:1420/@vite/client:1034
[ 1231455ms] [ERROR] WebSocket connection to 'ws://localhost:1420/' failed: Error in connection establishment: net::ERR_CONNECTION_REFUSED @ http://localhost:1420/@vite/client:1034
[ 1238474ms] [ERROR] WebSocket connection to 'ws://localhost:1420/' failed: Error in connection establishment: net::ERR_CONNECTION_REFUSED @ http://localhost:1420/@vite/client:1034
[ 1243027ms] [ERROR] WebSocket connection to 'ws://localhost:1420/' failed: Error in connection establishment: net::ERR_CONNECTION_REFUSED @ http://localhost:1420/@vite/client:1034
[ 1250339ms] [ERROR] WebSocket connection to 'ws://localhost:1420/' failed: Error in connection establishment: net::ERR_CONNECTION_REFUSED @ http://localhost:1420/@vite/client:1034
[ 1258548ms] [ERROR] WebSocket connection to 'ws://localhost:1420/' failed: Error in connection establishment: net::ERR_CONNECTION_REFUSED @ http://localhost:1420/@vite/client:1034
[ 1264895ms] [ERROR] WebSocket connection to 'ws://localhost:1420/' failed: Error in connection establishment: net::ERR_CONNECTION_REFUSED @ http://localhost:1420/@vite/client:1034
[ 1271754ms] [ERROR] WebSocket connection to 'ws://localhost:1420/' failed: Error in connection establishment: net::ERR_CONNECTION_REFUSED @ http://localhost:1420/@vite/client:1034
[ 1277225ms] [ERROR] WebSocket connection to 'ws://localhost:1420/' failed: Error in connection establishment: net::ERR_CONNECTION_REFUSED @ http://localhost:1420/@vite/client:1034
[ 1282856ms] [ERROR] WebSocket connection to 'ws://localhost:1420/' failed: Error in connection establishment: net::ERR_CONNECTION_REFUSED @ http://localhost:1420/@vite/client:1034
[ 1287496ms] [ERROR] WebSocket connection to 'ws://localhost:1420/' failed: Error in connection establishment: net::ERR_CONNECTION_REFUSED @ http://localhost:1420/@vite/client:1034
[ 1291940ms] [ERROR] WebSocket connection to 'ws://localhost:1420/' failed: Error in connection establishment: net::ERR_CONNECTION_REFUSED @ http://localhost:1420/@vite/client:1034
[ 1297343ms] [ERROR] WebSocket connection to 'ws://localhost:1420/' failed: Error in connection establishment: net::ERR_CONNECTION_REFUSED @ http://localhost:1420/@vite/client:1034
[ 1305664ms] [ERROR] WebSocket connection to 'ws://localhost:1420/' failed: Error in connection establishment: net::ERR_CONNECTION_REFUSED @ http://localhost:1420/@vite/client:1034
[ 1313375ms] [ERROR] WebSocket connection to 'ws://localhost:1420/' failed: Error in connection establishment: net::ERR_CONNECTION_REFUSED @ http://localhost:1420/@vite/client:1034
[ 1320900ms] [ERROR] WebSocket connection to 'ws://localhost:1420/' failed: Error in connection establishment: net::ERR_CONNECTION_REFUSED @ http://localhost:1420/@vite/client:1034
[ 1324263ms] [ERROR] WebSocket connection to 'ws://localhost:1420/' failed: Error in connection establishment: net::ERR_CONNECTION_REFUSED @ http://localhost:1420/@vite/client:1034
[ 1327639ms] [ERROR] WebSocket connection to 'ws://localhost:1420/' failed: Error in connection establishment: net::ERR_CONNECTION_REFUSED @ http://localhost:1420/@vite/client:1034
[ 1330998ms] [ERROR] WebSocket connection to 'ws://localhost:1420/' failed: Error in connection establishment: net::ERR_CONNECTION_REFUSED @ http://localhost:1420/@vite/client:1034
[ 1334346ms] [ERROR] WebSocket connection to 'ws://localhost:1420/' failed: Error in connection establishment: net::ERR_CONNECTION_REFUSED @ http://localhost:1420/@vite/client:1034
[ 1337724ms] [ERROR] WebSocket connection to 'ws://localhost:1420/' failed: Error in connection establishment: net::ERR_CONNECTION_REFUSED @ http://localhost:1420/@vite/client:1034
[ 1341101ms] [ERROR] WebSocket connection to 'ws://localhost:1420/' failed: Error in connection establishment: net::ERR_CONNECTION_REFUSED @ http://localhost:1420/@vite/client:1034
[ 1344474ms] [ERROR] WebSocket connection to 'ws://localhost:1420/' failed: Error in connection establishment: net::ERR_CONNECTION_REFUSED @ http://localhost:1420/@vite/client:1034
[ 1347868ms] [ERROR] WebSocket connection to 'ws://localhost:1420/' failed: Error in connection establishment: net::ERR_CONNECTION_REFUSED @ http://localhost:1420/@vite/client:1034
[ 1351227ms] [ERROR] WebSocket connection to 'ws://localhost:1420/' failed: Error in connection establishment: net::ERR_CONNECTION_REFUSED @ http://localhost:1420/@vite/client:1034
[ 1354624ms] [ERROR] WebSocket connection to 'ws://localhost:1420/' failed: Error in connection establishment: net::ERR_CONNECTION_REFUSED @ http://localhost:1420/@vite/client:1034
[ 1358018ms] [ERROR] WebSocket connection to 'ws://localhost:1420/' failed: Error in connection establishment: net::ERR_CONNECTION_REFUSED @ http://localhost:1420/@vite/client:1034
[ 1361426ms] [ERROR] WebSocket connection to 'ws://localhost:1420/' failed: Error in connection establishment: net::ERR_CONNECTION_REFUSED @ http://localhost:1420/@vite/client:1034
[ 1364935ms] [ERROR] WebSocket connection to 'ws://localhost:1420/' failed: Error in connection establishment: net::ERR_CONNECTION_REFUSED @ http://localhost:1420/@vite/client:1034
[ 1368488ms] [ERROR] WebSocket connection to 'ws://localhost:1420/' failed: Error in connection establishment: net::ERR_CONNECTION_REFUSED @ http://localhost:1420/@vite/client:1034
[ 1372467ms] [ERROR] WebSocket connection to 'ws://localhost:1420/' failed: Error in connection establishment: net::ERR_CONNECTION_REFUSED @ http://localhost:1420/@vite/client:1034
[ 1376651ms] [ERROR] WebSocket connection to 'ws://localhost:1420/' failed: Error in connection establishment: net::ERR_CONNECTION_REFUSED @ http://localhost:1420/@vite/client:1034
[ 1383842ms] [ERROR] WebSocket connection to 'ws://localhost:1420/' failed: Error in connection establishment: net::ERR_CONNECTION_REFUSED @ http://localhost:1420/@vite/client:1034
[ 1389254ms] [ERROR] WebSocket connection to 'ws://localhost:1420/' failed: Error in connection establishment: net::ERR_CONNECTION_REFUSED @ http://localhost:1420/@vite/client:1034
[ 1394654ms] [ERROR] WebSocket connection to 'ws://localhost:1420/' failed: Error in connection establishment: net::ERR_CONNECTION_REFUSED @ http://localhost:1420/@vite/client:1034
[ 1400579ms] [ERROR] WebSocket connection to 'ws://localhost:1420/' failed: Error in connection establishment: net::ERR_CONNECTION_REFUSED @ http://localhost:1420/@vite/client:1034
[ 1406857ms] [ERROR] WebSocket connection to 'ws://localhost:1420/' failed: Error in connection establishment: net::ERR_CONNECTION_REFUSED @ http://localhost:1420/@vite/client:1034
[ 1412747ms] [ERROR] WebSocket connection to 'ws://localhost:1420/' failed: Error in connection establishment: net::ERR_CONNECTION_REFUSED @ http://localhost:1420/@vite/client:1034
[ 1420733ms] [ERROR] WebSocket connection to 'ws://localhost:1420/' failed: Error in connection establishment: net::ERR_CONNECTION_REFUSED @ http://localhost:1420/@vite/client:1034
[ 1425279ms] [ERROR] WebSocket connection to 'ws://localhost:1420/' failed: Error in connection establishment: net::ERR_CONNECTION_REFUSED @ http://localhost:1420/@vite/client:1034
[ 1429670ms] [ERROR] WebSocket connection to 'ws://localhost:1420/' failed: Error in connection establishment: net::ERR_CONNECTION_REFUSED @ http://localhost:1420/@vite/client:1034
[ 1434978ms] [ERROR] WebSocket connection to 'ws://localhost:1420/' failed: Error in connection establishment: net::ERR_CONNECTION_REFUSED @ http://localhost:1420/@vite/client:1034
[ 1440645ms] [ERROR] WebSocket connection to 'ws://localhost:1420/' failed: Error in connection establishment: net::ERR_CONNECTION_REFUSED @ http://localhost:1420/@vite/client:1034
[ 1447000ms] [ERROR] WebSocket connection to 'ws://localhost:1420/' failed: Error in connection establishment: net::ERR_CONNECTION_REFUSED @ http://localhost:1420/@vite/client:1034
[ 1451852ms] [ERROR] WebSocket connection to 'ws://localhost:1420/' failed: Error in connection establishment: net::ERR_CONNECTION_REFUSED @ http://localhost:1420/@vite/client:1034
[ 1459250ms] [ERROR] WebSocket connection to 'ws://localhost:1420/' failed: Error in connection establishment: net::ERR_CONNECTION_REFUSED @ http://localhost:1420/@vite/client:1034
[ 1467238ms] [ERROR] WebSocket connection to 'ws://localhost:1420/' failed: Error in connection establishment: net::ERR_CONNECTION_REFUSED @ http://localhost:1420/@vite/client:1034
[ 1474832ms] [ERROR] WebSocket connection to 'ws://localhost:1420/' failed: Error in connection establishment: net::ERR_CONNECTION_REFUSED @ http://localhost:1420/@vite/client:1034
[ 1481729ms] [ERROR] WebSocket connection to 'ws://localhost:1420/' failed: Error in connection establishment: net::ERR_CONNECTION_REFUSED @ http://localhost:1420/@vite/client:1034
[ 1487640ms] [ERROR] WebSocket connection to 'ws://localhost:1420/' failed: Error in connection establishment: net::ERR_CONNECTION_REFUSED @ http://localhost:1420/@vite/client:1034
[ 1492008ms] [ERROR] WebSocket connection to 'ws://localhost:1420/' failed: Error in connection establishment: net::ERR_CONNECTION_REFUSED @ http://localhost:1420/@vite/client:1034
[ 1497214ms] [ERROR] WebSocket connection to 'ws://localhost:1420/' failed: Error in connection establishment: net::ERR_CONNECTION_REFUSED @ http://localhost:1420/@vite/client:1034
[ 1503808ms] [ERROR] WebSocket connection to 'ws://localhost:1420/' failed: Error in connection establishment: net::ERR_CONNECTION_REFUSED @ http://localhost:1420/@vite/client:1034
[ 1511550ms] [ERROR] WebSocket connection to 'ws://localhost:1420/' failed: Error in connection establishment: net::ERR_CONNECTION_REFUSED @ http://localhost:1420/@vite/client:1034
[ 1518969ms] [ERROR] WebSocket connection to 'ws://localhost:1420/' failed: Error in connection establishment: net::ERR_CONNECTION_REFUSED @ http://localhost:1420/@vite/client:1034
[ 1523445ms] [ERROR] WebSocket connection to 'ws://localhost:1420/' failed: Error in connection establishment: net::ERR_CONNECTION_REFUSED @ http://localhost:1420/@vite/client:1034
[ 1531481ms] [ERROR] WebSocket connection to 'ws://localhost:1420/' failed: Error in connection establishment: net::ERR_CONNECTION_REFUSED @ http://localhost:1420/@vite/client:1034
[ 1537719ms] [ERROR] WebSocket connection to 'ws://localhost:1420/' failed: Error in connection establishment: net::ERR_CONNECTION_REFUSED @ http://localhost:1420/@vite/client:1034
[ 1545917ms] [ERROR] WebSocket connection to 'ws://localhost:1420/' failed: Error in connection establishment: net::ERR_CONNECTION_REFUSED @ http://localhost:1420/@vite/client:1034
[ 1550389ms] [ERROR] WebSocket connection to 'ws://localhost:1420/' failed: Error in connection establishment: net::ERR_CONNECTION_REFUSED @ http://localhost:1420/@vite/client:1034
[ 1558425ms] [ERROR] WebSocket connection to 'ws://localhost:1420/' failed: Error in connection establishment: net::ERR_CONNECTION_REFUSED @ http://localhost:1420/@vite/client:1034
[ 1564083ms] [ERROR] WebSocket connection to 'ws://localhost:1420/' failed: Error in connection establishment: net::ERR_CONNECTION_REFUSED @ http://localhost:1420/@vite/client:1034
[ 1569453ms] [ERROR] WebSocket connection to 'ws://localhost:1420/' failed: Error in connection establishment: net::ERR_CONNECTION_REFUSED @ http://localhost:1420/@vite/client:1034
[ 1576392ms] [ERROR] WebSocket connection to 'ws://localhost:1420/' failed: Error in connection establishment: net::ERR_CONNECTION_REFUSED @ http://localhost:1420/@vite/client:1034
[ 1584122ms] [ERROR] WebSocket connection to 'ws://localhost:1420/' failed: Error in connection establishment: net::ERR_CONNECTION_REFUSED @ http://localhost:1420/@vite/client:1034
[ 1592292ms] [ERROR] WebSocket connection to 'ws://localhost:1420/' failed: Error in connection establishment: net::ERR_CONNECTION_REFUSED @ http://localhost:1420/@vite/client:1034
[ 1600317ms] [ERROR] WebSocket connection to 'ws://localhost:1420/' failed: Error in connection establishment: net::ERR_CONNECTION_REFUSED @ http://localhost:1420/@vite/client:1034
[ 1605956ms] [ERROR] WebSocket connection to 'ws://localhost:1420/' failed: Error in connection establishment: net::ERR_CONNECTION_REFUSED @ http://localhost:1420/@vite/client:1034
[ 1610963ms] [ERROR] WebSocket connection to 'ws://localhost:1420/' failed: Error in connection establishment: net::ERR_CONNECTION_REFUSED @ http://localhost:1420/@vite/client:1034
[ 1616192ms] [ERROR] WebSocket connection to 'ws://localhost:1420/' failed: Error in connection establishment: net::ERR_CONNECTION_REFUSED @ http://localhost:1420/@vite/client:1034
[ 1621215ms] [ERROR] WebSocket connection to 'ws://localhost:1420/' failed: Error in connection establishment: net::ERR_CONNECTION_REFUSED @ http://localhost:1420/@vite/client:1034
[ 1628666ms] [ERROR] WebSocket connection to 'ws://localhost:1420/' failed: Error in connection establishment: net::ERR_CONNECTION_REFUSED @ http://localhost:1420/@vite/client:1034
[ 1633071ms] [ERROR] WebSocket connection to 'ws://localhost:1420/' failed: Error in connection establishment: net::ERR_CONNECTION_REFUSED @ http://localhost:1420/@vite/client:1034
[ 1638532ms] [ERROR] WebSocket connection to 'ws://localhost:1420/' failed: Error in connection establishment: net::ERR_CONNECTION_REFUSED @ http://localhost:1420/@vite/client:1034
[ 1642926ms] [ERROR] WebSocket connection to 'ws://localhost:1420/' failed: Error in connection establishment: net::ERR_CONNECTION_REFUSED @ http://localhost:1420/@vite/client:1034
[ 1649869ms] [ERROR] WebSocket connection to 'ws://localhost:1420/' failed: Error in connection establishment: net::ERR_CONNECTION_REFUSED @ http://localhost:1420/@vite/client:1034
[ 1657024ms] [ERROR] WebSocket connection to 'ws://localhost:1420/' failed: Error in connection establishment: net::ERR_CONNECTION_REFUSED @ http://localhost:1420/@vite/client:1034
[ 1664089ms] [ERROR] WebSocket connection to 'ws://localhost:1420/' failed: Error in connection establishment: net::ERR_CONNECTION_REFUSED @ http://localhost:1420/@vite/client:1034
[ 1672128ms] [ERROR] WebSocket connection to 'ws://localhost:1420/' failed: Error in connection establishment: net::ERR_CONNECTION_REFUSED @ http://localhost:1420/@vite/client:1034
[ 1679554ms] [ERROR] WebSocket connection to 'ws://localhost:1420/' failed: Error in connection establishment: net::ERR_CONNECTION_REFUSED @ http://localhost:1420/@vite/client:1034
[ 1686524ms] [ERROR] Failed to load resource: net::ERR_CONNECTION_REFUSED @ http://localhost:1420/node_modules/.vite/deps/dist-VDJQEU53.js?v=8996e906:0
[ 1686525ms] [ERROR] TypeError: Failed to fetch dynamically imported module: http://localhost:1420/node_modules/.vite/deps/dist-VDJQEU53.js?v=8996e906 @ http://localhost:1420/node_modules/.vite/deps/chunk-AI6UXK7I.js?v=8996e906:1434
[ 1686526ms] [ERROR] TypeError: Failed to fetch dynamically imported module: http://localhost:1420/node_modules/.vite/deps/dist-VDJQEU53.js?v=8996e906 @ http://localhost:1420/node_modules/.vite/deps/chunk-AI6UXK7I.js?v=8996e906:1434
[ 1687867ms] [ERROR] WebSocket connection to 'ws://localhost:1420/' failed: Error in connection establishment: net::ERR_CONNECTION_REFUSED @ http://localhost:1420/@vite/client:1034
[ 1694281ms] [ERROR] WebSocket connection to 'ws://localhost:1420/' failed: Error in connection establishment: net::ERR_CONNECTION_REFUSED @ http://localhost:1420/@vite/client:1034
[ 1698955ms] [ERROR] WebSocket connection to 'ws://localhost:1420/' failed: Error in connection establishment: net::ERR_CONNECTION_REFUSED @ http://localhost:1420/@vite/client:1034
[ 1703990ms] [ERROR] WebSocket connection to 'ws://localhost:1420/' failed: Error in connection establishment: net::ERR_CONNECTION_REFUSED @ http://localhost:1420/@vite/client:1034
[ 1710474ms] [ERROR] WebSocket connection to 'ws://localhost:1420/' failed: Error in connection establishment: net::ERR_CONNECTION_REFUSED @ http://localhost:1420/@vite/client:1034
[ 1716426ms] [ERROR] WebSocket connection to 'ws://localhost:1420/' failed: Error in connection establishment: net::ERR_CONNECTION_REFUSED @ http://localhost:1420/@vite/client:1034
[ 1721136ms] [ERROR] WebSocket connection to 'ws://localhost:1420/' failed: Error in connection establishment: net::ERR_CONNECTION_REFUSED @ http://localhost:1420/@vite/client:1034
[ 1725917ms] [ERROR] WebSocket connection to 'ws://localhost:1420/' failed: Error in connection establishment: net::ERR_CONNECTION_REFUSED @ http://localhost:1420/@vite/client:1034
[ 1731187ms] [ERROR] WebSocket connection to 'ws://localhost:1420/' failed: Error in connection establishment: net::ERR_CONNECTION_REFUSED @ http://localhost:1420/@vite/client:1034
[ 1736427ms] [ERROR] WebSocket connection to 'ws://localhost:1420/' failed: Error in connection establishment: net::ERR_CONNECTION_REFUSED @ http://localhost:1420/@vite/client:1034
[ 1741796ms] [ERROR] WebSocket connection to 'ws://localhost:1420/' failed: Error in connection establishment: net::ERR_CONNECTION_REFUSED @ http://localhost:1420/@vite/client:1034
[ 1746664ms] [ERROR] WebSocket connection to 'ws://localhost:1420/' failed: Error in connection establishment: net::ERR_CONNECTION_REFUSED @ http://localhost:1420/@vite/client:1034
[ 1752880ms] [ERROR] WebSocket connection to 'ws://localhost:1420/' failed: Error in connection establishment: net::ERR_CONNECTION_REFUSED @ http://localhost:1420/@vite/client:1034
[ 1758144ms] [ERROR] WebSocket connection to 'ws://localhost:1420/' failed: Error in connection establishment: net::ERR_CONNECTION_REFUSED @ http://localhost:1420/@vite/client:1034
[ 1766197ms] [ERROR] WebSocket connection to 'ws://localhost:1420/' failed: Error in connection establishment: net::ERR_CONNECTION_REFUSED @ http://localhost:1420/@vite/client:1034
[ 1771476ms] [ERROR] WebSocket connection to 'ws://localhost:1420/' failed: Error in connection establishment: net::ERR_CONNECTION_REFUSED @ http://localhost:1420/@vite/client:1034
[ 1778965ms] [ERROR] WebSocket connection to 'ws://localhost:1420/' failed: Error in connection establishment: net::ERR_CONNECTION_REFUSED @ http://localhost:1420/@vite/client:1034
[ 1783928ms] [ERROR] WebSocket connection to 'ws://localhost:1420/' failed: Error in connection establishment: net::ERR_CONNECTION_REFUSED @ http://localhost:1420/@vite/client:1034
[ 1791524ms] [ERROR] WebSocket connection to 'ws://localhost:1420/' failed: Error in connection establishment: net::ERR_CONNECTION_REFUSED @ http://localhost:1420/@vite/client:1034
[ 1798612ms] [ERROR] WebSocket connection to 'ws://localhost:1420/' failed: Error in connection establishment: net::ERR_CONNECTION_REFUSED @ http://localhost:1420/@vite/client:1034
[ 1803031ms] [ERROR] WebSocket connection to 'ws://localhost:1420/' failed: Error in connection establishment: net::ERR_CONNECTION_REFUSED @ http://localhost:1420/@vite/client:1034
[ 1807641ms] [ERROR] WebSocket connection to 'ws://localhost:1420/' failed: Error in connection establishment: net::ERR_CONNECTION_REFUSED @ http://localhost:1420/@vite/client:1034
[ 1813785ms] [ERROR] WebSocket connection to 'ws://localhost:1420/' failed: Error in connection establishment: net::ERR_CONNECTION_REFUSED @ http://localhost:1420/@vite/client:1034
[ 1821521ms] [ERROR] WebSocket connection to 'ws://localhost:1420/' failed: Error in connection establishment: net::ERR_CONNECTION_REFUSED @ http://localhost:1420/@vite/client:1034
[ 1828316ms] [ERROR] WebSocket connection to 'ws://localhost:1420/' failed: Error in connection establishment: net::ERR_CONNECTION_REFUSED @ http://localhost:1420/@vite/client:1034
[ 1836484ms] [ERROR] WebSocket connection to 'ws://localhost:1420/' failed: Error in connection establishment: net::ERR_CONNECTION_REFUSED @ http://localhost:1420/@vite/client:1034
[ 1844108ms] [ERROR] WebSocket connection to 'ws://localhost:1420/' failed: Error in connection establishment: net::ERR_CONNECTION_REFUSED @ http://localhost:1420/@vite/client:1034
[ 1851286ms] [ERROR] WebSocket connection to 'ws://localhost:1420/' failed: Error in connection establishment: net::ERR_CONNECTION_REFUSED @ http://localhost:1420/@vite/client:1034
[ 1858604ms] [ERROR] WebSocket connection to 'ws://localhost:1420/' failed: Error in connection establishment: net::ERR_CONNECTION_REFUSED @ http://localhost:1420/@vite/client:1034
[ 1863159ms] [ERROR] WebSocket connection to 'ws://localhost:1420/' failed: Error in connection establishment: net::ERR_CONNECTION_REFUSED @ http://localhost:1420/@vite/client:1034
[ 1870652ms] [ERROR] WebSocket connection to 'ws://localhost:1420/' failed: Error in connection establishment: net::ERR_CONNECTION_REFUSED @ http://localhost:1420/@vite/client:1034
[ 1876572ms] [ERROR] WebSocket connection to 'ws://localhost:1420/' failed: Error in connection establishment: net::ERR_CONNECTION_REFUSED @ http://localhost:1420/@vite/client:1034
[ 1883403ms] [ERROR] WebSocket connection to 'ws://localhost:1420/' failed: Error in connection establishment: net::ERR_CONNECTION_REFUSED @ http://localhost:1420/@vite/client:1034
[ 1890622ms] [ERROR] WebSocket connection to 'ws://localhost:1420/' failed: Error in connection establishment: net::ERR_CONNECTION_REFUSED @ http://localhost:1420/@vite/client:1034
[ 1895765ms] [ERROR] WebSocket connection to 'ws://localhost:1420/' failed: Error in connection establishment: net::ERR_CONNECTION_REFUSED @ http://localhost:1420/@vite/client:1034
[ 1903977ms] [ERROR] WebSocket connection to 'ws://localhost:1420/' failed: Error in connection establishment: net::ERR_CONNECTION_REFUSED @ http://localhost:1420/@vite/client:1034
[ 1908525ms] [ERROR] WebSocket connection to 'ws://localhost:1420/' failed: Error in connection establishment: net::ERR_CONNECTION_REFUSED @ http://localhost:1420/@vite/client:1034
[ 1913614ms] [ERROR] WebSocket connection to 'ws://localhost:1420/' failed: Error in connection establishment: net::ERR_CONNECTION_REFUSED @ http://localhost:1420/@vite/client:1034
[ 1920494ms] [ERROR] WebSocket connection to 'ws://localhost:1420/' failed: Error in connection establishment: net::ERR_CONNECTION_REFUSED @ http://localhost:1420/@vite/client:1034
[ 1926367ms] [ERROR] WebSocket connection to 'ws://localhost:1420/' failed: Error in connection establishment: net::ERR_CONNECTION_REFUSED @ http://localhost:1420/@vite/client:1034
[ 1932041ms] [ERROR] WebSocket connection to 'ws://localhost:1420/' failed: Error in connection establishment: net::ERR_CONNECTION_REFUSED @ http://localhost:1420/@vite/client:1034
[ 1939233ms] [ERROR] WebSocket connection to 'ws://localhost:1420/' failed: Error in connection establishment: net::ERR_CONNECTION_REFUSED @ http://localhost:1420/@vite/client:1034
[ 1945493ms] [ERROR] WebSocket connection to 'ws://localhost:1420/' failed: Error in connection establishment: net::ERR_CONNECTION_REFUSED @ http://localhost:1420/@vite/client:1034
[ 1952071ms] [ERROR] WebSocket connection to 'ws://localhost:1420/' failed: Error in connection establishment: net::ERR_CONNECTION_REFUSED @ http://localhost:1420/@vite/client:1034
[ 1956469ms] [ERROR] WebSocket connection to 'ws://localhost:1420/' failed: Error in connection establishment: net::ERR_CONNECTION_REFUSED @ http://localhost:1420/@vite/client:1034
[ 1962528ms] [ERROR] WebSocket connection to 'ws://localhost:1420/' failed: Error in connection establishment: net::ERR_CONNECTION_REFUSED @ http://localhost:1420/@vite/client:1034
[ 1969561ms] [ERROR] WebSocket connection to 'ws://localhost:1420/' failed: Error in connection establishment: net::ERR_CONNECTION_REFUSED @ http://localhost:1420/@vite/client:1034
[ 1976554ms] [ERROR] WebSocket connection to 'ws://localhost:1420/' failed: Error in connection establishment: net::ERR_CONNECTION_REFUSED @ http://localhost:1420/@vite/client:1034
[ 1981168ms] [ERROR] WebSocket connection to 'ws://localhost:1420/' failed: Error in connection establishment: net::ERR_CONNECTION_REFUSED @ http://localhost:1420/@vite/client:1034
[ 1987467ms] [ERROR] WebSocket connection to 'ws://localhost:1420/' failed: Error in connection establishment: net::ERR_CONNECTION_REFUSED @ http://localhost:1420/@vite/client:1034
[ 1995473ms] [ERROR] WebSocket connection to 'ws://localhost:1420/' failed: Error in connection establishment: net::ERR_CONNECTION_REFUSED @ http://localhost:1420/@vite/client:1034
[ 2002938ms] [ERROR] WebSocket connection to 'ws://localhost:1420/' failed: Error in connection establishment: net::ERR_CONNECTION_REFUSED @ http://localhost:1420/@vite/client:1034
[ 2010180ms] [ERROR] WebSocket connection to 'ws://localhost:1420/' failed: Error in connection establishment: net::ERR_CONNECTION_REFUSED @ http://localhost:1420/@vite/client:1034
[ 2015835ms] [ERROR] WebSocket connection to 'ws://localhost:1420/' failed: Error in connection establishment: net::ERR_CONNECTION_REFUSED @ http://localhost:1420/@vite/client:1034
[ 2020986ms] [ERROR] WebSocket connection to 'ws://localhost:1420/' failed: Error in connection establishment: net::ERR_CONNECTION_REFUSED @ http://localhost:1420/@vite/client:1034
[ 2026462ms] [ERROR] WebSocket connection to 'ws://localhost:1420/' failed: Error in connection establishment: net::ERR_CONNECTION_REFUSED @ http://localhost:1420/@vite/client:1034
[ 2033975ms] [ERROR] WebSocket connection to 'ws://localhost:1420/' failed: Error in connection establishment: net::ERR_CONNECTION_REFUSED @ http://localhost:1420/@vite/client:1034
[ 2040049ms] [ERROR] WebSocket connection to 'ws://localhost:1420/' failed: Error in connection establishment: net::ERR_CONNECTION_REFUSED @ http://localhost:1420/@vite/client:1034
[ 2044895ms] [ERROR] WebSocket connection to 'ws://localhost:1420/' failed: Error in connection establishment: net::ERR_CONNECTION_REFUSED @ http://localhost:1420/@vite/client:1034
[ 2051343ms] [ERROR] WebSocket connection to 'ws://localhost:1420/' failed: Error in connection establishment: net::ERR_CONNECTION_REFUSED @ http://localhost:1420/@vite/client:1034
[ 2056087ms] [ERROR] WebSocket connection to 'ws://localhost:1420/' failed: Error in connection establishment: net::ERR_CONNECTION_REFUSED @ http://localhost:1420/@vite/client:1034
[ 2063744ms] [ERROR] WebSocket connection to 'ws://localhost:1420/' failed: Error in connection establishment: net::ERR_CONNECTION_REFUSED @ http://localhost:1420/@vite/client:1034
[ 2072082ms] [ERROR] WebSocket connection to 'ws://localhost:1420/' failed: Error in connection establishment: net::ERR_CONNECTION_REFUSED @ http://localhost:1420/@vite/client:1034
[ 2080233ms] [ERROR] WebSocket connection to 'ws://localhost:1420/' failed: Error in connection establishment: net::ERR_CONNECTION_REFUSED @ http://localhost:1420/@vite/client:1034
[ 2088218ms] [ERROR] WebSocket connection to 'ws://localhost:1420/' failed: Error in connection establishment: net::ERR_CONNECTION_REFUSED @ http://localhost:1420/@vite/client:1034
[ 2094370ms] [ERROR] WebSocket connection to 'ws://localhost:1420/' failed: Error in connection establishment: net::ERR_CONNECTION_REFUSED @ http://localhost:1420/@vite/client:1034
[ 2099835ms] [ERROR] WebSocket connection to 'ws://localhost:1420/' failed: Error in connection establishment: net::ERR_CONNECTION_REFUSED @ http://localhost:1420/@vite/client:1034
[ 2105315ms] [ERROR] WebSocket connection to 'ws://localhost:1420/' failed: Error in connection establishment: net::ERR_CONNECTION_REFUSED @ http://localhost:1420/@vite/client:1034
[ 2112251ms] [ERROR] WebSocket connection to 'ws://localhost:1420/' failed: Error in connection establishment: net::ERR_CONNECTION_REFUSED @ http://localhost:1420/@vite/client:1034
[ 2117529ms] [ERROR] WebSocket connection to 'ws://localhost:1420/' failed: Error in connection establishment: net::ERR_CONNECTION_REFUSED @ http://localhost:1420/@vite/client:1034
[ 2125327ms] [ERROR] WebSocket connection to 'ws://localhost:1420/' failed: Error in connection establishment: net::ERR_CONNECTION_REFUSED @ http://localhost:1420/@vite/client:1034
[ 2130722ms] [ERROR] WebSocket connection to 'ws://localhost:1420/' failed: Error in connection establishment: net::ERR_CONNECTION_REFUSED @ http://localhost:1420/@vite/client:1034
[ 2137699ms] [ERROR] WebSocket connection to 'ws://localhost:1420/' failed: Error in connection establishment: net::ERR_CONNECTION_REFUSED @ http://localhost:1420/@vite/client:1034
[ 2145298ms] [ERROR] WebSocket connection to 'ws://localhost:1420/' failed: Error in connection establishment: net::ERR_CONNECTION_REFUSED @ http://localhost:1420/@vite/client:1034
[ 2150207ms] [ERROR] WebSocket connection to 'ws://localhost:1420/' failed: Error in connection establishment: net::ERR_CONNECTION_REFUSED @ http://localhost:1420/@vite/client:1034
[ 2157102ms] [ERROR] WebSocket connection to 'ws://localhost:1420/' failed: Error in connection establishment: net::ERR_CONNECTION_REFUSED @ http://localhost:1420/@vite/client:1034
[ 2163288ms] [ERROR] WebSocket connection to 'ws://localhost:1420/' failed: Error in connection establishment: net::ERR_CONNECTION_REFUSED @ http://localhost:1420/@vite/client:1034
[ 2170483ms] [ERROR] WebSocket connection to 'ws://localhost:1420/' failed: Error in connection establishment: net::ERR_CONNECTION_REFUSED @ http://localhost:1420/@vite/client:1034
[ 2177713ms] [ERROR] WebSocket connection to 'ws://localhost:1420/' failed: Error in connection establishment: net::ERR_CONNECTION_REFUSED @ http://localhost:1420/@vite/client:1034
[ 2185390ms] [ERROR] WebSocket connection to 'ws://localhost:1420/' failed: Error in connection establishment: net::ERR_CONNECTION_REFUSED @ http://localhost:1420/@vite/client:1034
[ 2190007ms] [ERROR] WebSocket connection to 'ws://localhost:1420/' failed: Error in connection establishment: net::ERR_CONNECTION_REFUSED @ http://localhost:1420/@vite/client:1034
[ 2198115ms] [ERROR] WebSocket connection to 'ws://localhost:1420/' failed: Error in connection establishment: net::ERR_CONNECTION_REFUSED @ http://localhost:1420/@vite/client:1034
[ 2202841ms] [ERROR] WebSocket connection to 'ws://localhost:1420/' failed: Error in connection establishment: net::ERR_CONNECTION_REFUSED @ http://localhost:1420/@vite/client:1034
[ 2207863ms] [ERROR] WebSocket connection to 'ws://localhost:1420/' failed: Error in connection establishment: net::ERR_CONNECTION_REFUSED @ http://localhost:1420/@vite/client:1034
[ 2215727ms] [ERROR] WebSocket connection to 'ws://localhost:1420/' failed: Error in connection establishment: net::ERR_CONNECTION_REFUSED @ http://localhost:1420/@vite/client:1034
[ 2222416ms] [ERROR] WebSocket connection to 'ws://localhost:1420/' failed: Error in connection establishment: net::ERR_CONNECTION_REFUSED @ http://localhost:1420/@vite/client:1034
[ 2229928ms] [ERROR] WebSocket connection to 'ws://localhost:1420/' failed: Error in connection establishment: net::ERR_CONNECTION_REFUSED @ http://localhost:1420/@vite/client:1034
[ 2235234ms] [ERROR] WebSocket connection to 'ws://localhost:1420/' failed: Error in connection establishment: net::ERR_CONNECTION_REFUSED @ http://localhost:1420/@vite/client:1034
[ 2242267ms] [ERROR] WebSocket connection to 'ws://localhost:1420/' failed: Error in connection establishment: net::ERR_CONNECTION_REFUSED @ http://localhost:1420/@vite/client:1034
[ 2250371ms] [ERROR] WebSocket connection to 'ws://localhost:1420/' failed: Error in connection establishment: net::ERR_CONNECTION_REFUSED @ http://localhost:1420/@vite/client:1034
[ 2255545ms] [ERROR] WebSocket connection to 'ws://localhost:1420/' failed: Error in connection establishment: net::ERR_CONNECTION_REFUSED @ http://localhost:1420/@vite/client:1034
[ 2261252ms] [ERROR] WebSocket connection to 'ws://localhost:1420/' failed: Error in connection establishment: net::ERR_CONNECTION_REFUSED @ http://localhost:1420/@vite/client:1034
[ 2268652ms] [ERROR] WebSocket connection to 'ws://localhost:1420/' failed: Error in connection establishment: net::ERR_CONNECTION_REFUSED @ http://localhost:1420/@vite/client:1034
[ 2273748ms] [ERROR] WebSocket connection to 'ws://localhost:1420/' failed: Error in connection establishment: net::ERR_CONNECTION_REFUSED @ http://localhost:1420/@vite/client:1034
[ 2281716ms] [ERROR] WebSocket connection to 'ws://localhost:1420/' failed: Error in connection establishment: net::ERR_CONNECTION_REFUSED @ http://localhost:1420/@vite/client:1034
[ 2285045ms] [ERROR] WebSocket connection to 'ws://localhost:1420/' failed: Error in connection establishment: net::ERR_CONNECTION_REFUSED @ http://localhost:1420/@vite/client:1034
[ 2288401ms] [ERROR] WebSocket connection to 'ws://localhost:1420/' failed: Error in connection establishment: net::ERR_CONNECTION_REFUSED @ http://localhost:1420/@vite/client:1034
[ 2291743ms] [ERROR] WebSocket connection to 'ws://localhost:1420/' failed: Error in connection establishment: net::ERR_CONNECTION_REFUSED @ http://localhost:1420/@vite/client:1034
[ 2295114ms] [ERROR] WebSocket connection to 'ws://localhost:1420/' failed: Error in connection establishment: net::ERR_CONNECTION_REFUSED @ http://localhost:1420/@vite/client:1034
[ 2298464ms] [ERROR] WebSocket connection to 'ws://localhost:1420/' failed: Error in connection establishment: net::ERR_CONNECTION_REFUSED @ http://localhost:1420/@vite/client:1034
[ 2301805ms] [ERROR] WebSocket connection to 'ws://localhost:1420/' failed: Error in connection establishment: net::ERR_CONNECTION_REFUSED @ http://localhost:1420/@vite/client:1034
[ 2305164ms] [ERROR] WebSocket connection to 'ws://localhost:1420/' failed: Error in connection establishment: net::ERR_CONNECTION_REFUSED @ http://localhost:1420/@vite/client:1034
[ 2308538ms] [ERROR] WebSocket connection to 'ws://localhost:1420/' failed: Error in connection establishment: net::ERR_CONNECTION_REFUSED @ http://localhost:1420/@vite/client:1034
[ 2311918ms] [ERROR] WebSocket connection to 'ws://localhost:1420/' failed: Error in connection establishment: net::ERR_CONNECTION_REFUSED @ http://localhost:1420/@vite/client:1034
[ 2315294ms] [ERROR] WebSocket connection to 'ws://localhost:1420/' failed: Error in connection establishment: net::ERR_CONNECTION_REFUSED @ http://localhost:1420/@vite/client:1034
[ 2318690ms] [ERROR] WebSocket connection to 'ws://localhost:1420/' failed: Error in connection establishment: net::ERR_CONNECTION_REFUSED @ http://localhost:1420/@vite/client:1034
[ 2322186ms] [ERROR] WebSocket connection to 'ws://localhost:1420/' failed: Error in connection establishment: net::ERR_CONNECTION_REFUSED @ http://localhost:1420/@vite/client:1034
[ 2325681ms] [ERROR] WebSocket connection to 'ws://localhost:1420/' failed: Error in connection establishment: net::ERR_CONNECTION_REFUSED @ http://localhost:1420/@vite/client:1034
[ 2329453ms] [ERROR] WebSocket connection to 'ws://localhost:1420/' failed: Error in connection establishment: net::ERR_CONNECTION_REFUSED @ http://localhost:1420/@vite/client:1034
[ 2333492ms] [ERROR] WebSocket connection to 'ws://localhost:1420/' failed: Error in connection establishment: net::ERR_CONNECTION_REFUSED @ http://localhost:1420/@vite/client:1034
[ 2338692ms] [ERROR] WebSocket connection to 'ws://localhost:1420/' failed: Error in connection establishment: net::ERR_CONNECTION_REFUSED @ http://localhost:1420/@vite/client:1034
[ 2346122ms] [ERROR] WebSocket connection to 'ws://localhost:1420/' failed: Error in connection establishment: net::ERR_CONNECTION_REFUSED @ http://localhost:1420/@vite/client:1034
[ 2352785ms] [ERROR] WebSocket connection to 'ws://localhost:1420/' failed: Error in connection establishment: net::ERR_CONNECTION_REFUSED @ http://localhost:1420/@vite/client:1034
[ 2360478ms] [ERROR] WebSocket connection to 'ws://localhost:1420/' failed: Error in connection establishment: net::ERR_CONNECTION_REFUSED @ http://localhost:1420/@vite/client:1034
[ 2366448ms] [ERROR] WebSocket connection to 'ws://localhost:1420/' failed: Error in connection establishment: net::ERR_CONNECTION_REFUSED @ http://localhost:1420/@vite/client:1034
[ 2374673ms] [ERROR] WebSocket connection to 'ws://localhost:1420/' failed: Error in connection establishment: net::ERR_CONNECTION_REFUSED @ http://localhost:1420/@vite/client:1034
[ 2381223ms] [ERROR] WebSocket connection to 'ws://localhost:1420/' failed: Error in connection establishment: net::ERR_CONNECTION_REFUSED @ http://localhost:1420/@vite/client:1034
[ 2388595ms] [ERROR] WebSocket connection to 'ws://localhost:1420/' failed: Error in connection establishment: net::ERR_CONNECTION_REFUSED @ http://localhost:1420/@vite/client:1034
[ 2393269ms] [ERROR] WebSocket connection to 'ws://localhost:1420/' failed: Error in connection establishment: net::ERR_CONNECTION_REFUSED @ http://localhost:1420/@vite/client:1034
[ 2401300ms] [ERROR] WebSocket connection to 'ws://localhost:1420/' failed: Error in connection establishment: net::ERR_CONNECTION_REFUSED @ http://localhost:1420/@vite/client:1034
[ 2407340ms] [ERROR] WebSocket connection to 'ws://localhost:1420/' failed: Error in connection establishment: net::ERR_CONNECTION_REFUSED @ http://localhost:1420/@vite/client:1034
[ 2415076ms] [ERROR] WebSocket connection to 'ws://localhost:1420/' failed: Error in connection establishment: net::ERR_CONNECTION_REFUSED @ http://localhost:1420/@vite/client:1034
[ 2422908ms] [ERROR] WebSocket connection to 'ws://localhost:1420/' failed: Error in connection establishment: net::ERR_CONNECTION_REFUSED @ http://localhost:1420/@vite/client:1034
[ 2429039ms] [ERROR] WebSocket connection to 'ws://localhost:1420/' failed: Error in connection establishment: net::ERR_CONNECTION_REFUSED @ http://localhost:1420/@vite/client:1034
[ 2435986ms] [ERROR] WebSocket connection to 'ws://localhost:1420/' failed: Error in connection establishment: net::ERR_CONNECTION_REFUSED @ http://localhost:1420/@vite/client:1034
[ 2443041ms] [ERROR] WebSocket connection to 'ws://localhost:1420/' failed: Error in connection establishment: net::ERR_CONNECTION_REFUSED @ http://localhost:1420/@vite/client:1034
[ 2448493ms] [ERROR] WebSocket connection to 'ws://localhost:1420/' failed: Error in connection establishment: net::ERR_CONNECTION_REFUSED @ http://localhost:1420/@vite/client:1034
[ 2456071ms] [ERROR] WebSocket connection to 'ws://localhost:1420/' failed: Error in connection establishment: net::ERR_CONNECTION_REFUSED @ http://localhost:1420/@vite/client:1034
[ 2464242ms] [ERROR] WebSocket connection to 'ws://localhost:1420/' failed: Error in connection establishment: net::ERR_CONNECTION_REFUSED @ http://localhost:1420/@vite/client:1034
[ 2470236ms] [ERROR] WebSocket connection to 'ws://localhost:1420/' failed: Error in connection establishment: net::ERR_CONNECTION_REFUSED @ http://localhost:1420/@vite/client:1034
[ 2475698ms] [ERROR] WebSocket connection to 'ws://localhost:1420/' failed: Error in connection establishment: net::ERR_CONNECTION_REFUSED @ http://localhost:1420/@vite/client:1034
[ 2482563ms] [ERROR] WebSocket connection to 'ws://localhost:1420/' failed: Error in connection establishment: net::ERR_CONNECTION_REFUSED @ http://localhost:1420/@vite/client:1034
[ 2488331ms] [ERROR] WebSocket connection to 'ws://localhost:1420/' failed: Error in connection establishment: net::ERR_CONNECTION_REFUSED @ http://localhost:1420/@vite/client:1034
[ 2493541ms] [ERROR] WebSocket connection to 'ws://localhost:1420/' failed: Error in connection establishment: net::ERR_CONNECTION_REFUSED @ http://localhost:1420/@vite/client:1034
[ 2500057ms] [ERROR] WebSocket connection to 'ws://localhost:1420/' failed: Error in connection establishment: net::ERR_CONNECTION_REFUSED @ http://localhost:1420/@vite/client:1034
[ 2507040ms] [ERROR] WebSocket connection to 'ws://localhost:1420/' failed: Error in connection establishment: net::ERR_CONNECTION_REFUSED @ http://localhost:1420/@vite/client:1034
[ 2515245ms] [ERROR] WebSocket connection to 'ws://localhost:1420/' failed: Error in connection establishment: net::ERR_CONNECTION_REFUSED @ http://localhost:1420/@vite/client:1034
[ 2521101ms] [ERROR] WebSocket connection to 'ws://localhost:1420/' failed: Error in connection establishment: net::ERR_CONNECTION_REFUSED @ http://localhost:1420/@vite/client:1034
[ 2528715ms] [ERROR] WebSocket connection to 'ws://localhost:1420/' failed: Error in connection establishment: net::ERR_CONNECTION_REFUSED @ http://localhost:1420/@vite/client:1034
[ 2535202ms] [ERROR] WebSocket connection to 'ws://localhost:1420/' failed: Error in connection establishment: net::ERR_CONNECTION_REFUSED @ http://localhost:1420/@vite/client:1034
[ 2543177ms] [ERROR] WebSocket connection to 'ws://localhost:1420/' failed: Error in connection establishment: net::ERR_CONNECTION_REFUSED @ http://localhost:1420/@vite/client:1034
[ 2548768ms] [ERROR] WebSocket connection to 'ws://localhost:1420/' failed: Error in connection establishment: net::ERR_CONNECTION_REFUSED @ http://localhost:1420/@vite/client:1034
[ 2553889ms] [ERROR] WebSocket connection to 'ws://localhost:1420/' failed: Error in connection establishment: net::ERR_CONNECTION_REFUSED @ http://localhost:1420/@vite/client:1034
[ 2561696ms] [ERROR] WebSocket connection to 'ws://localhost:1420/' failed: Error in connection establishment: net::ERR_CONNECTION_REFUSED @ http://localhost:1420/@vite/client:1034
[ 2567682ms] [ERROR] WebSocket connection to 'ws://localhost:1420/' failed: Error in connection establishment: net::ERR_CONNECTION_REFUSED @ http://localhost:1420/@vite/client:1034
[ 2575504ms] [ERROR] WebSocket connection to 'ws://localhost:1420/' failed: Error in connection establishment: net::ERR_CONNECTION_REFUSED @ http://localhost:1420/@vite/client:1034
[ 2581651ms] [ERROR] WebSocket connection to 'ws://localhost:1420/' failed: Error in connection establishment: net::ERR_CONNECTION_REFUSED @ http://localhost:1420/@vite/client:1034
[ 2587857ms] [ERROR] WebSocket connection to 'ws://localhost:1420/' failed: Error in connection establishment: net::ERR_CONNECTION_REFUSED @ http://localhost:1420/@vite/client:1034
[ 2594047ms] [ERROR] WebSocket connection to 'ws://localhost:1420/' failed: Error in connection establishment: net::ERR_CONNECTION_REFUSED @ http://localhost:1420/@vite/client:1034
[ 2601046ms] [ERROR] WebSocket connection to 'ws://localhost:1420/' failed: Error in connection establishment: net::ERR_CONNECTION_REFUSED @ http://localhost:1420/@vite/client:1034
[ 2607165ms] [ERROR] WebSocket connection to 'ws://localhost:1420/' failed: Error in connection establishment: net::ERR_CONNECTION_REFUSED @ http://localhost:1420/@vite/client:1034
[ 2612847ms] [ERROR] WebSocket connection to 'ws://localhost:1420/' failed: Error in connection establishment: net::ERR_CONNECTION_REFUSED @ http://localhost:1420/@vite/client:1034
[ 2620686ms] [ERROR] WebSocket connection to 'ws://localhost:1420/' failed: Error in connection establishment: net::ERR_CONNECTION_REFUSED @ http://localhost:1420/@vite/client:1034
[ 2628142ms] [ERROR] WebSocket connection to 'ws://localhost:1420/' failed: Error in connection establishment: net::ERR_CONNECTION_REFUSED @ http://localhost:1420/@vite/client:1034
[ 2634040ms] [ERROR] WebSocket connection to 'ws://localhost:1420/' failed: Error in connection establishment: net::ERR_CONNECTION_REFUSED @ http://localhost:1420/@vite/client:1034
[ 2639954ms] [ERROR] WebSocket connection to 'ws://localhost:1420/' failed: Error in connection establishment: net::ERR_CONNECTION_REFUSED @ http://localhost:1420/@vite/client:1034
[ 2644655ms] [ERROR] WebSocket connection to 'ws://localhost:1420/' failed: Error in connection establishment: net::ERR_CONNECTION_REFUSED @ http://localhost:1420/@vite/client:1034
[ 2650460ms] [ERROR] WebSocket connection to 'ws://localhost:1420/' failed: Error in connection establishment: net::ERR_CONNECTION_REFUSED @ http://localhost:1420/@vite/client:1034
[ 2657436ms] [ERROR] WebSocket connection to 'ws://localhost:1420/' failed: Error in connection establishment: net::ERR_CONNECTION_REFUSED @ http://localhost:1420/@vite/client:1034
[ 2662485ms] [ERROR] WebSocket connection to 'ws://localhost:1420/' failed: Error in connection establishment: net::ERR_CONNECTION_REFUSED @ http://localhost:1420/@vite/client:1034
[ 2667102ms] [ERROR] WebSocket connection to 'ws://localhost:1420/' failed: Error in connection establishment: net::ERR_CONNECTION_REFUSED @ http://localhost:1420/@vite/client:1034
[ 2673276ms] [ERROR] WebSocket connection to 'ws://localhost:1420/' failed: Error in connection establishment: net::ERR_CONNECTION_REFUSED @ http://localhost:1420/@vite/client:1034
[ 2678471ms] [ERROR] WebSocket connection to 'ws://localhost:1420/' failed: Error in connection establishment: net::ERR_CONNECTION_REFUSED @ http://localhost:1420/@vite/client:1034
[ 2682978ms] [ERROR] WebSocket connection to 'ws://localhost:1420/' failed: Error in connection establishment: net::ERR_CONNECTION_REFUSED @ http://localhost:1420/@vite/client:1034
[ 2687845ms] [ERROR] WebSocket connection to 'ws://localhost:1420/' failed: Error in connection establishment: net::ERR_CONNECTION_REFUSED @ http://localhost:1420/@vite/client:1034
[ 2696205ms] [ERROR] WebSocket connection to 'ws://localhost:1420/' failed: Error in connection establishment: net::ERR_CONNECTION_REFUSED @ http://localhost:1420/@vite/client:1034
[ 2703195ms] [ERROR] WebSocket connection to 'ws://localhost:1420/' failed: Error in connection establishment: net::ERR_CONNECTION_REFUSED @ http://localhost:1420/@vite/client:1034
[ 2709617ms] [ERROR] WebSocket connection to 'ws://localhost:1420/' failed: Error in connection establishment: net::ERR_CONNECTION_REFUSED @ http://localhost:1420/@vite/client:1034
[ 2715663ms] [ERROR] WebSocket connection to 'ws://localhost:1420/' failed: Error in connection establishment: net::ERR_CONNECTION_REFUSED @ http://localhost:1420/@vite/client:1034
[ 2722011ms] [ERROR] WebSocket connection to 'ws://localhost:1420/' failed: Error in connection establishment: net::ERR_CONNECTION_REFUSED @ http://localhost:1420/@vite/client:1034
[ 2729823ms] [ERROR] WebSocket connection to 'ws://localhost:1420/' failed: Error in connection establishment: net::ERR_CONNECTION_REFUSED @ http://localhost:1420/@vite/client:1034
[ 2736106ms] [ERROR] WebSocket connection to 'ws://localhost:1420/' failed: Error in connection establishment: net::ERR_CONNECTION_REFUSED @ http://localhost:1420/@vite/client:1034
[ 2742223ms] [ERROR] WebSocket connection to 'ws://localhost:1420/' failed: Error in connection establishment: net::ERR_CONNECTION_REFUSED @ http://localhost:1420/@vite/client:1034
[ 2747180ms] [ERROR] WebSocket connection to 'ws://localhost:1420/' failed: Error in connection establishment: net::ERR_CONNECTION_REFUSED @ http://localhost:1420/@vite/client:1034
[ 2754593ms] [ERROR] WebSocket connection to 'ws://localhost:1420/' failed: Error in connection establishment: net::ERR_CONNECTION_REFUSED @ http://localhost:1420/@vite/client:1034
[ 2761609ms] [ERROR] WebSocket connection to 'ws://localhost:1420/' failed: Error in connection establishment: net::ERR_CONNECTION_REFUSED @ http://localhost:1420/@vite/client:1034
[ 2766232ms] [ERROR] WebSocket connection to 'ws://localhost:1420/' failed: Error in connection establishment: net::ERR_CONNECTION_REFUSED @ http://localhost:1420/@vite/client:1034
[ 2770853ms] [ERROR] WebSocket connection to 'ws://localhost:1420/' failed: Error in connection establishment: net::ERR_CONNECTION_REFUSED @ http://localhost:1420/@vite/client:1034
[ 2779036ms] [ERROR] WebSocket connection to 'ws://localhost:1420/' failed: Error in connection establishment: net::ERR_CONNECTION_REFUSED @ http://localhost:1420/@vite/client:1034
[ 2784785ms] [ERROR] WebSocket connection to 'ws://localhost:1420/' failed: Error in connection establishment: net::ERR_CONNECTION_REFUSED @ http://localhost:1420/@vite/client:1034
[ 2789890ms] [ERROR] WebSocket connection to 'ws://localhost:1420/' failed: Error in connection establishment: net::ERR_CONNECTION_REFUSED @ http://localhost:1420/@vite/client:1034
[ 2797358ms] [ERROR] WebSocket connection to 'ws://localhost:1420/' failed: Error in connection establishment: net::ERR_CONNECTION_REFUSED @ http://localhost:1420/@vite/client:1034
[ 2805392ms] [ERROR] WebSocket connection to 'ws://localhost:1420/' failed: Error in connection establishment: net::ERR_CONNECTION_REFUSED @ http://localhost:1420/@vite/client:1034
[ 2811518ms] [ERROR] WebSocket connection to 'ws://localhost:1420/' failed: Error in connection establishment: net::ERR_CONNECTION_REFUSED @ http://localhost:1420/@vite/client:1034
[ 2818278ms] [ERROR] WebSocket connection to 'ws://localhost:1420/' failed: Error in connection establishment: net::ERR_CONNECTION_REFUSED @ http://localhost:1420/@vite/client:1034
[ 2824337ms] [ERROR] WebSocket connection to 'ws://localhost:1420/' failed: Error in connection establishment: net::ERR_CONNECTION_REFUSED @ http://localhost:1420/@vite/client:1034
[ 2830147ms] [ERROR] WebSocket connection to 'ws://localhost:1420/' failed: Error in connection establishment: net::ERR_CONNECTION_REFUSED @ http://localhost:1420/@vite/client:1034
[ 2836356ms] [ERROR] WebSocket connection to 'ws://localhost:1420/' failed: Error in connection establishment: net::ERR_CONNECTION_REFUSED @ http://localhost:1420/@vite/client:1034
[ 2840958ms] [ERROR] WebSocket connection to 'ws://localhost:1420/' failed: Error in connection establishment: net::ERR_CONNECTION_REFUSED @ http://localhost:1420/@vite/client:1034
[ 2846697ms] [ERROR] WebSocket connection to 'ws://localhost:1420/' failed: Error in connection establishment: net::ERR_CONNECTION_REFUSED @ http://localhost:1420/@vite/client:1034
[ 2853203ms] [ERROR] WebSocket connection to 'ws://localhost:1420/' failed: Error in connection establishment: net::ERR_CONNECTION_REFUSED @ http://localhost:1420/@vite/client:1034
[ 2860046ms] [ERROR] WebSocket connection to 'ws://localhost:1420/' failed: Error in connection establishment: net::ERR_CONNECTION_REFUSED @ http://localhost:1420/@vite/client:1034
[ 2866085ms] [ERROR] WebSocket connection to 'ws://localhost:1420/' failed: Error in connection establishment: net::ERR_CONNECTION_REFUSED @ http://localhost:1420/@vite/client:1034
[ 2872963ms] [ERROR] WebSocket connection to 'ws://localhost:1420/' failed: Error in connection establishment: net::ERR_CONNECTION_REFUSED @ http://localhost:1420/@vite/client:1034
[ 2880126ms] [ERROR] WebSocket connection to 'ws://localhost:1420/' failed: Error in connection establishment: net::ERR_CONNECTION_REFUSED @ http://localhost:1420/@vite/client:1034
[ 2885686ms] [ERROR] WebSocket connection to 'ws://localhost:1420/' failed: Error in connection establishment: net::ERR_CONNECTION_REFUSED @ http://localhost:1420/@vite/client:1034
[ 2893419ms] [ERROR] WebSocket connection to 'ws://localhost:1420/' failed: Error in connection establishment: net::ERR_CONNECTION_REFUSED @ http://localhost:1420/@vite/client:1034
[ 2899597ms] [ERROR] WebSocket connection to 'ws://localhost:1420/' failed: Error in connection establishment: net::ERR_CONNECTION_REFUSED @ http://localhost:1420/@vite/client:1034
[ 2907020ms] [ERROR] WebSocket connection to 'ws://localhost:1420/' failed: Error in connection establishment: net::ERR_CONNECTION_REFUSED @ http://localhost:1420/@vite/client:1034
[ 2912588ms] [ERROR] WebSocket connection to 'ws://localhost:1420/' failed: Error in connection establishment: net::ERR_CONNECTION_REFUSED @ http://localhost:1420/@vite/client:1034
[ 2917497ms] [ERROR] WebSocket connection to 'ws://localhost:1420/' failed: Error in connection establishment: net::ERR_CONNECTION_REFUSED @ http://localhost:1420/@vite/client:1034
[ 2924904ms] [ERROR] WebSocket connection to 'ws://localhost:1420/' failed: Error in connection establishment: net::ERR_CONNECTION_REFUSED @ http://localhost:1420/@vite/client:1034
[ 2930503ms] [ERROR] WebSocket connection to 'ws://localhost:1420/' failed: Error in connection establishment: net::ERR_CONNECTION_REFUSED @ http://localhost:1420/@vite/client:1034
[ 2935448ms] [ERROR] WebSocket connection to 'ws://localhost:1420/' failed: Error in connection establishment: net::ERR_CONNECTION_REFUSED @ http://localhost:1420/@vite/client:1034
[ 2943699ms] [ERROR] WebSocket connection to 'ws://localhost:1420/' failed: Error in connection establishment: net::ERR_CONNECTION_REFUSED @ http://localhost:1420/@vite/client:1034
[ 2950519ms] [ERROR] WebSocket connection to 'ws://localhost:1420/' failed: Error in connection establishment: net::ERR_CONNECTION_REFUSED @ http://localhost:1420/@vite/client:1034
[ 2955573ms] [ERROR] WebSocket connection to 'ws://localhost:1420/' failed: Error in connection establishment: net::ERR_CONNECTION_REFUSED @ http://localhost:1420/@vite/client:1034
[ 2961331ms] [ERROR] WebSocket connection to 'ws://localhost:1420/' failed: Error in connection establishment: net::ERR_CONNECTION_REFUSED @ http://localhost:1420/@vite/client:1034
[ 2965765ms] [ERROR] WebSocket connection to 'ws://localhost:1420/' failed: Error in connection establishment: net::ERR_CONNECTION_REFUSED @ http://localhost:1420/@vite/client:1034
[ 2972714ms] [ERROR] WebSocket connection to 'ws://localhost:1420/' failed: Error in connection establishment: net::ERR_CONNECTION_REFUSED @ http://localhost:1420/@vite/client:1034
[ 2977786ms] [ERROR] WebSocket connection to 'ws://localhost:1420/' failed: Error in connection establishment: net::ERR_CONNECTION_REFUSED @ http://localhost:1420/@vite/client:1034
[ 2983711ms] [ERROR] WebSocket connection to 'ws://localhost:1420/' failed: Error in connection establishment: net::ERR_CONNECTION_REFUSED @ http://localhost:1420/@vite/client:1034
[ 2991102ms] [ERROR] WebSocket connection to 'ws://localhost:1420/' failed: Error in connection establishment: net::ERR_CONNECTION_REFUSED @ http://localhost:1420/@vite/client:1034
[ 2996821ms] [ERROR] WebSocket connection to 'ws://localhost:1420/' failed: Error in connection establishment: net::ERR_CONNECTION_REFUSED @ http://localhost:1420/@vite/client:1034
[ 3002919ms] [ERROR] WebSocket connection to 'ws://localhost:1420/' failed: Error in connection establishment: net::ERR_CONNECTION_REFUSED @ http://localhost:1420/@vite/client:1034
[ 3011267ms] [ERROR] WebSocket connection to 'ws://localhost:1420/' failed: Error in connection establishment: net::ERR_CONNECTION_REFUSED @ http://localhost:1420/@vite/client:1034
[ 3018501ms] [ERROR] WebSocket connection to 'ws://localhost:1420/' failed: Error in connection establishment: net::ERR_CONNECTION_REFUSED @ http://localhost:1420/@vite/client:1034
[ 3023430ms] [ERROR] WebSocket connection to 'ws://localhost:1420/' failed: Error in connection establishment: net::ERR_CONNECTION_REFUSED @ http://localhost:1420/@vite/client:1034
[ 3029340ms] [ERROR] WebSocket connection to 'ws://localhost:1420/' failed: Error in connection establishment: net::ERR_CONNECTION_REFUSED @ http://localhost:1420/@vite/client:1034
[ 3037703ms] [ERROR] WebSocket connection to 'ws://localhost:1420/' failed: Error in connection establishment: net::ERR_CONNECTION_REFUSED @ http://localhost:1420/@vite/client:1034
[ 3043234ms] [ERROR] WebSocket connection to 'ws://localhost:1420/' failed: Error in connection establishment: net::ERR_CONNECTION_REFUSED @ http://localhost:1420/@vite/client:1034
[ 3048311ms] [ERROR] WebSocket connection to 'ws://localhost:1420/' failed: Error in connection establishment: net::ERR_CONNECTION_REFUSED @ http://localhost:1420/@vite/client:1034
[ 3054683ms] [ERROR] WebSocket connection to 'ws://localhost:1420/' failed: Error in connection establishment: net::ERR_CONNECTION_REFUSED @ http://localhost:1420/@vite/client:1034
[ 3062618ms] [ERROR] WebSocket connection to 'ws://localhost:1420/' failed: Error in connection establishment: net::ERR_CONNECTION_REFUSED @ http://localhost:1420/@vite/client:1034
[ 3069361ms] [ERROR] WebSocket connection to 'ws://localhost:1420/' failed: Error in connection establishment: net::ERR_CONNECTION_REFUSED @ http://localhost:1420/@vite/client:1034
[ 3076518ms] [ERROR] WebSocket connection to 'ws://localhost:1420/' failed: Error in connection establishment: net::ERR_CONNECTION_REFUSED @ http://localhost:1420/@vite/client:1034
[ 3084309ms] [ERROR] WebSocket connection to 'ws://localhost:1420/' failed: Error in connection establishment: net::ERR_CONNECTION_REFUSED @ http://localhost:1420/@vite/client:1034
[ 3091745ms] [ERROR] WebSocket connection to 'ws://localhost:1420/' failed: Error in connection establishment: net::ERR_CONNECTION_REFUSED @ http://localhost:1420/@vite/client:1034
[ 3099996ms] [ERROR] WebSocket connection to 'ws://localhost:1420/' failed: Error in connection establishment: net::ERR_CONNECTION_REFUSED @ http://localhost:1420/@vite/client:1034
[ 3106675ms] [ERROR] WebSocket connection to 'ws://localhost:1420/' failed: Error in connection establishment: net::ERR_CONNECTION_REFUSED @ http://localhost:1420/@vite/client:1034
[ 3112092ms] [ERROR] WebSocket connection to 'ws://localhost:1420/' failed: Error in connection establishment: net::ERR_CONNECTION_REFUSED @ http://localhost:1420/@vite/client:1034
[ 3118949ms] [ERROR] WebSocket connection to 'ws://localhost:1420/' failed: Error in connection establishment: net::ERR_CONNECTION_REFUSED @ http://localhost:1420/@vite/client:1034
[ 3126380ms] [ERROR] WebSocket connection to 'ws://localhost:1420/' failed: Error in connection establishment: net::ERR_CONNECTION_REFUSED @ http://localhost:1420/@vite/client:1034
[ 3132152ms] [ERROR] WebSocket connection to 'ws://localhost:1420/' failed: Error in connection establishment: net::ERR_CONNECTION_REFUSED @ http://localhost:1420/@vite/client:1034
[ 3139081ms] [ERROR] WebSocket connection to 'ws://localhost:1420/' failed: Error in connection establishment: net::ERR_CONNECTION_REFUSED @ http://localhost:1420/@vite/client:1034
[ 3143829ms] [ERROR] WebSocket connection to 'ws://localhost:1420/' failed: Error in connection establishment: net::ERR_CONNECTION_REFUSED @ http://localhost:1420/@vite/client:1034
[ 3149833ms] [ERROR] WebSocket connection to 'ws://localhost:1420/' failed: Error in connection establishment: net::ERR_CONNECTION_REFUSED @ http://localhost:1420/@vite/client:1034
[ 3157975ms] [ERROR] WebSocket connection to 'ws://localhost:1420/' failed: Error in connection establishment: net::ERR_CONNECTION_REFUSED @ http://localhost:1420/@vite/client:1034
[ 3165572ms] [ERROR] WebSocket connection to 'ws://localhost:1420/' failed: Error in connection establishment: net::ERR_CONNECTION_REFUSED @ http://localhost:1420/@vite/client:1034
[ 3169953ms] [ERROR] WebSocket connection to 'ws://localhost:1420/' failed: Error in connection establishment: net::ERR_CONNECTION_REFUSED @ http://localhost:1420/@vite/client:1034
[ 3178004ms] [ERROR] WebSocket connection to 'ws://localhost:1420/' failed: Error in connection establishment: net::ERR_CONNECTION_REFUSED @ http://localhost:1420/@vite/client:1034
[ 3185582ms] [ERROR] WebSocket connection to 'ws://localhost:1420/' failed: Error in connection establishment: net::ERR_CONNECTION_REFUSED @ http://localhost:1420/@vite/client:1034
[ 3191316ms] [ERROR] WebSocket connection to 'ws://localhost:1420/' failed: Error in connection establishment: net::ERR_CONNECTION_REFUSED @ http://localhost:1420/@vite/client:1034
[ 3197258ms] [ERROR] WebSocket connection to 'ws://localhost:1420/' failed: Error in connection establishment: net::ERR_CONNECTION_REFUSED @ http://localhost:1420/@vite/client:1034
[ 3204749ms] [ERROR] WebSocket connection to 'ws://localhost:1420/' failed: Error in connection establishment: net::ERR_CONNECTION_REFUSED @ http://localhost:1420/@vite/client:1034
[ 3212772ms] [ERROR] WebSocket connection to 'ws://localhost:1420/' failed: Error in connection establishment: net::ERR_CONNECTION_REFUSED @ http://localhost:1420/@vite/client:1034
[ 3220994ms] [ERROR] WebSocket connection to 'ws://localhost:1420/' failed: Error in connection establishment: net::ERR_CONNECTION_REFUSED @ http://localhost:1420/@vite/client:1034
[ 3227974ms] [ERROR] WebSocket connection to 'ws://localhost:1420/' failed: Error in connection establishment: net::ERR_CONNECTION_REFUSED @ http://localhost:1420/@vite/client:1034
[ 3236285ms] [ERROR] WebSocket connection to 'ws://localhost:1420/' failed: Error in connection establishment: net::ERR_CONNECTION_REFUSED @ http://localhost:1420/@vite/client:1034
[ 3242641ms] [ERROR] WebSocket connection to 'ws://localhost:1420/' failed: Error in connection establishment: net::ERR_CONNECTION_REFUSED @ http://localhost:1420/@vite/client:1034
[ 3245976ms] [ERROR] WebSocket connection to 'ws://localhost:1420/' failed: Error in connection establishment: net::ERR_CONNECTION_REFUSED @ http://localhost:1420/@vite/client:1034
[ 3249326ms] [ERROR] WebSocket connection to 'ws://localhost:1420/' failed: Error in connection establishment: net::ERR_CONNECTION_REFUSED @ http://localhost:1420/@vite/client:1034
[ 3252675ms] [ERROR] WebSocket connection to 'ws://localhost:1420/' failed: Error in connection establishment: net::ERR_CONNECTION_REFUSED @ http://localhost:1420/@vite/client:1034
[ 3256025ms] [ERROR] WebSocket connection to 'ws://localhost:1420/' failed: Error in connection establishment: net::ERR_CONNECTION_REFUSED @ http://localhost:1420/@vite/client:1034
[ 3259388ms] [ERROR] WebSocket connection to 'ws://localhost:1420/' failed: Error in connection establishment: net::ERR_CONNECTION_REFUSED @ http://localhost:1420/@vite/client:1034
[ 3262744ms] [ERROR] WebSocket connection to 'ws://localhost:1420/' failed: Error in connection establishment: net::ERR_CONNECTION_REFUSED @ http://localhost:1420/@vite/client:1034
[ 3266113ms] [ERROR] WebSocket connection to 'ws://localhost:1420/' failed: Error in connection establishment: net::ERR_CONNECTION_REFUSED @ http://localhost:1420/@vite/client:1034
[ 3269494ms] [ERROR] WebSocket connection to 'ws://localhost:1420/' failed: Error in connection establishment: net::ERR_CONNECTION_REFUSED @ http://localhost:1420/@vite/client:1034
[ 3272861ms] [ERROR] WebSocket connection to 'ws://localhost:1420/' failed: Error in connection establishment: net::ERR_CONNECTION_REFUSED @ http://localhost:1420/@vite/client:1034
[ 3276236ms] [ERROR] WebSocket connection to 'ws://localhost:1420/' failed: Error in connection establishment: net::ERR_CONNECTION_REFUSED @ http://localhost:1420/@vite/client:1034
[ 3279653ms] [ERROR] WebSocket connection to 'ws://localhost:1420/' failed: Error in connection establishment: net::ERR_CONNECTION_REFUSED @ http://localhost:1420/@vite/client:1034
[ 3283147ms] [ERROR] WebSocket connection to 'ws://localhost:1420/' failed: Error in connection establishment: net::ERR_CONNECTION_REFUSED @ http://localhost:1420/@vite/client:1034
[ 3286749ms] [ERROR] WebSocket connection to 'ws://localhost:1420/' failed: Error in connection establishment: net::ERR_CONNECTION_REFUSED @ http://localhost:1420/@vite/client:1034
[ 3290374ms] [ERROR] WebSocket connection to 'ws://localhost:1420/' failed: Error in connection establishment: net::ERR_CONNECTION_REFUSED @ http://localhost:1420/@vite/client:1034
[ 3294652ms] [ERROR] WebSocket connection to 'ws://localhost:1420/' failed: Error in connection establishment: net::ERR_CONNECTION_REFUSED @ http://localhost:1420/@vite/client:1034
[ 3298720ms] [ERROR] WebSocket connection to 'ws://localhost:1420/' failed: Error in connection establishment: net::ERR_CONNECTION_REFUSED @ http://localhost:1420/@vite/client:1034
[ 3303316ms] [ERROR] WebSocket connection to 'ws://localhost:1420/' failed: Error in connection establishment: net::ERR_CONNECTION_REFUSED @ http://localhost:1420/@vite/client:1034
[ 3310788ms] [ERROR] WebSocket connection to 'ws://localhost:1420/' failed: Error in connection establishment: net::ERR_CONNECTION_REFUSED @ http://localhost:1420/@vite/client:1034
[ 3316416ms] [ERROR] WebSocket connection to 'ws://localhost:1420/' failed: Error in connection establishment: net::ERR_CONNECTION_REFUSED @ http://localhost:1420/@vite/client:1034
[ 3322719ms] [ERROR] WebSocket connection to 'ws://localhost:1420/' failed: Error in connection establishment: net::ERR_CONNECTION_REFUSED @ http://localhost:1420/@vite/client:1034
[ 3327730ms] [ERROR] WebSocket connection to 'ws://localhost:1420/' failed: Error in connection establishment: net::ERR_CONNECTION_REFUSED @ http://localhost:1420/@vite/client:1034
[ 3334297ms] [ERROR] WebSocket connection to 'ws://localhost:1420/' failed: Error in connection establishment: net::ERR_CONNECTION_REFUSED @ http://localhost:1420/@vite/client:1034
[ 3340806ms] [ERROR] WebSocket connection to 'ws://localhost:1420/' failed: Error in connection establishment: net::ERR_CONNECTION_REFUSED @ http://localhost:1420/@vite/client:1034
[ 3347215ms] [ERROR] WebSocket connection to 'ws://localhost:1420/' failed: Error in connection establishment: net::ERR_CONNECTION_REFUSED @ http://localhost:1420/@vite/client:1034
[ 3354366ms] [ERROR] WebSocket connection to 'ws://localhost:1420/' failed: Error in connection establishment: net::ERR_CONNECTION_REFUSED @ http://localhost:1420/@vite/client:1034
[ 3361979ms] [ERROR] WebSocket connection to 'ws://localhost:1420/' failed: Error in connection establishment: net::ERR_CONNECTION_REFUSED @ http://localhost:1420/@vite/client:1034
[ 3367471ms] [ERROR] WebSocket connection to 'ws://localhost:1420/' failed: Error in connection establishment: net::ERR_CONNECTION_REFUSED @ http://localhost:1420/@vite/client:1034
[ 3375196ms] [ERROR] WebSocket connection to 'ws://localhost:1420/' failed: Error in connection establishment: net::ERR_CONNECTION_REFUSED @ http://localhost:1420/@vite/client:1034
[ 3379828ms] [ERROR] WebSocket connection to 'ws://localhost:1420/' failed: Error in connection establishment: net::ERR_CONNECTION_REFUSED @ http://localhost:1420/@vite/client:1034
[ 3385923ms] [ERROR] WebSocket connection to 'ws://localhost:1420/' failed: Error in connection establishment: net::ERR_CONNECTION_REFUSED @ http://localhost:1420/@vite/client:1034
[ 3391921ms] [ERROR] WebSocket connection to 'ws://localhost:1420/' failed: Error in connection establishment: net::ERR_CONNECTION_REFUSED @ http://localhost:1420/@vite/client:1034
[ 3398734ms] [ERROR] WebSocket connection to 'ws://localhost:1420/' failed: Error in connection establishment: net::ERR_CONNECTION_REFUSED @ http://localhost:1420/@vite/client:1034
[ 3405123ms] [ERROR] WebSocket connection to 'ws://localhost:1420/' failed: Error in connection establishment: net::ERR_CONNECTION_REFUSED @ http://localhost:1420/@vite/client:1034
[ 3410965ms] [ERROR] WebSocket connection to 'ws://localhost:1420/' failed: Error in connection establishment: net::ERR_CONNECTION_REFUSED @ http://localhost:1420/@vite/client:1034
[ 3419163ms] [ERROR] WebSocket connection to 'ws://localhost:1420/' failed: Error in connection establishment: net::ERR_CONNECTION_REFUSED @ http://localhost:1420/@vite/client:1034
[ 3424069ms] [ERROR] WebSocket connection to 'ws://localhost:1420/' failed: Error in connection establishment: net::ERR_CONNECTION_REFUSED @ http://localhost:1420/@vite/client:1034
[ 3431640ms] [ERROR] WebSocket connection to 'ws://localhost:1420/' failed: Error in connection establishment: net::ERR_CONNECTION_REFUSED @ http://localhost:1420/@vite/client:1034
[ 3439906ms] [ERROR] WebSocket connection to 'ws://localhost:1420/' failed: Error in connection establishment: net::ERR_CONNECTION_REFUSED @ http://localhost:1420/@vite/client:1034
[ 3446284ms] [ERROR] WebSocket connection to 'ws://localhost:1420/' failed: Error in connection establishment: net::ERR_CONNECTION_REFUSED @ http://localhost:1420/@vite/client:1034
[ 3451215ms] [ERROR] WebSocket connection to 'ws://localhost:1420/' failed: Error in connection establishment: net::ERR_CONNECTION_REFUSED @ http://localhost:1420/@vite/client:1034
[ 3456419ms] [ERROR] WebSocket connection to 'ws://localhost:1420/' failed: Error in connection establishment: net::ERR_CONNECTION_REFUSED @ http://localhost:1420/@vite/client:1034
[ 3463165ms] [ERROR] WebSocket connection to 'ws://localhost:1420/' failed: Error in connection establishment: net::ERR_CONNECTION_REFUSED @ http://localhost:1420/@vite/client:1034
[ 3470463ms] [ERROR] WebSocket connection to 'ws://localhost:1420/' failed: Error in connection establishment: net::ERR_CONNECTION_REFUSED @ http://localhost:1420/@vite/client:1034
[ 3475719ms] [ERROR] WebSocket connection to 'ws://localhost:1420/' failed: Error in connection establishment: net::ERR_CONNECTION_REFUSED @ http://localhost:1420/@vite/client:1034
[ 3481962ms] [ERROR] WebSocket connection to 'ws://localhost:1420/' failed: Error in connection establishment: net::ERR_CONNECTION_REFUSED @ http://localhost:1420/@vite/client:1034
[ 3487822ms] [ERROR] WebSocket connection to 'ws://localhost:1420/' failed: Error in connection establishment: net::ERR_CONNECTION_REFUSED @ http://localhost:1420/@vite/client:1034
[ 3494343ms] [ERROR] WebSocket connection to 'ws://localhost:1420/' failed: Error in connection establishment: net::ERR_CONNECTION_REFUSED @ http://localhost:1420/@vite/client:1034
[ 3499415ms] [ERROR] WebSocket connection to 'ws://localhost:1420/' failed: Error in connection establishment: net::ERR_CONNECTION_REFUSED @ http://localhost:1420/@vite/client:1034
[ 3507096ms] [ERROR] WebSocket connection to 'ws://localhost:1420/' failed: Error in connection establishment: net::ERR_CONNECTION_REFUSED @ http://localhost:1420/@vite/client:1034
[ 3514772ms] [ERROR] WebSocket connection to 'ws://localhost:1420/' failed: Error in connection establishment: net::ERR_CONNECTION_REFUSED @ http://localhost:1420/@vite/client:1034
[ 3519306ms] [ERROR] WebSocket connection to 'ws://localhost:1420/' failed: Error in connection establishment: net::ERR_CONNECTION_REFUSED @ http://localhost:1420/@vite/client:1034
[ 3526241ms] [ERROR] WebSocket connection to 'ws://localhost:1420/' failed: Error in connection establishment: net::ERR_CONNECTION_REFUSED @ http://localhost:1420/@vite/client:1034
[ 3533367ms] [ERROR] WebSocket connection to 'ws://localhost:1420/' failed: Error in connection establishment: net::ERR_CONNECTION_REFUSED @ http://localhost:1420/@vite/client:1034
[ 3537765ms] [ERROR] WebSocket connection to 'ws://localhost:1420/' failed: Error in connection establishment: net::ERR_CONNECTION_REFUSED @ http://localhost:1420/@vite/client:1034
[ 3545052ms] [ERROR] WebSocket connection to 'ws://localhost:1420/' failed: Error in connection establishment: net::ERR_CONNECTION_REFUSED @ http://localhost:1420/@vite/client:1034
[ 3551069ms] [ERROR] WebSocket connection to 'ws://localhost:1420/' failed: Error in connection establishment: net::ERR_CONNECTION_REFUSED @ http://localhost:1420/@vite/client:1034
[ 3556470ms] [ERROR] WebSocket connection to 'ws://localhost:1420/' failed: Error in connection establishment: net::ERR_CONNECTION_REFUSED @ http://localhost:1420/@vite/client:1034
[ 3561285ms] [ERROR] WebSocket connection to 'ws://localhost:1420/' failed: Error in connection establishment: net::ERR_CONNECTION_REFUSED @ http://localhost:1420/@vite/client:1034
[ 3567199ms] [ERROR] WebSocket connection to 'ws://localhost:1420/' failed: Error in connection establishment: net::ERR_CONNECTION_REFUSED @ http://localhost:1420/@vite/client:1034
[ 3575347ms] [ERROR] WebSocket connection to 'ws://localhost:1420/' failed: Error in connection establishment: net::ERR_CONNECTION_REFUSED @ http://localhost:1420/@vite/client:1034
[ 3583045ms] [ERROR] WebSocket connection to 'ws://localhost:1420/' failed: Error in connection establishment: net::ERR_CONNECTION_REFUSED @ http://localhost:1420/@vite/client:1034
[ 3590561ms] [ERROR] WebSocket connection to 'ws://localhost:1420/' failed: Error in connection establishment: net::ERR_CONNECTION_REFUSED @ http://localhost:1420/@vite/client:1034
[ 3595801ms] [ERROR] WebSocket connection to 'ws://localhost:1420/' failed: Error in connection establishment: net::ERR_CONNECTION_REFUSED @ http://localhost:1420/@vite/client:1034
[ 3603318ms] [ERROR] WebSocket connection to 'ws://localhost:1420/' failed: Error in connection establishment: net::ERR_CONNECTION_REFUSED @ http://localhost:1420/@vite/client:1034
[ 3606666ms] [ERROR] WebSocket connection to 'ws://localhost:1420/' failed: Error in connection establishment: net::ERR_CONNECTION_REFUSED @ http://localhost:1420/@vite/client:1034
[ 3610035ms] [ERROR] WebSocket connection to 'ws://localhost:1420/' failed: Error in connection establishment: net::ERR_CONNECTION_REFUSED @ http://localhost:1420/@vite/client:1034
[ 3613400ms] [ERROR] WebSocket connection to 'ws://localhost:1420/' failed: Error in connection establishment: net::ERR_CONNECTION_REFUSED @ http://localhost:1420/@vite/client:1034
[ 3616736ms] [ERROR] WebSocket connection to 'ws://localhost:1420/' failed: Error in connection establishment: net::ERR_CONNECTION_REFUSED @ http://localhost:1420/@vite/client:1034
[ 3620083ms] [ERROR] WebSocket connection to 'ws://localhost:1420/' failed: Error in connection establishment: net::ERR_CONNECTION_REFUSED @ http://localhost:1420/@vite/client:1034
[ 3623433ms] [ERROR] WebSocket connection to 'ws://localhost:1420/' failed: Error in connection establishment: net::ERR_CONNECTION_REFUSED @ http://localhost:1420/@vite/client:1034
[ 3626796ms] [ERROR] WebSocket connection to 'ws://localhost:1420/' failed: Error in connection establishment: net::ERR_CONNECTION_REFUSED @ http://localhost:1420/@vite/client:1034
[ 3630162ms] [ERROR] WebSocket connection to 'ws://localhost:1420/' failed: Error in connection establishment: net::ERR_CONNECTION_REFUSED @ http://localhost:1420/@vite/client:1034
[ 3633541ms] [ERROR] WebSocket connection to 'ws://localhost:1420/' failed: Error in connection establishment: net::ERR_CONNECTION_REFUSED @ http://localhost:1420/@vite/client:1034
[ 3636921ms] [ERROR] WebSocket connection to 'ws://localhost:1420/' failed: Error in connection establishment: net::ERR_CONNECTION_REFUSED @ http://localhost:1420/@vite/client:1034
[ 3640377ms] [ERROR] WebSocket connection to 'ws://localhost:1420/' failed: Error in connection establishment: net::ERR_CONNECTION_REFUSED @ http://localhost:1420/@vite/client:1034
[ 3643886ms] [ERROR] WebSocket connection to 'ws://localhost:1420/' failed: Error in connection establishment: net::ERR_CONNECTION_REFUSED @ http://localhost:1420/@vite/client:1034
[ 3647441ms] [ERROR] WebSocket connection to 'ws://localhost:1420/' failed: Error in connection establishment: net::ERR_CONNECTION_REFUSED @ http://localhost:1420/@vite/client:1034
[ 3651084ms] [ERROR] WebSocket connection to 'ws://localhost:1420/' failed: Error in connection establishment: net::ERR_CONNECTION_REFUSED @ http://localhost:1420/@vite/client:1034
[ 3655356ms] [ERROR] WebSocket connection to 'ws://localhost:1420/' failed: Error in connection establishment: net::ERR_CONNECTION_REFUSED @ http://localhost:1420/@vite/client:1034
[ 3660011ms] [ERROR] WebSocket connection to 'ws://localhost:1420/' failed: Error in connection establishment: net::ERR_CONNECTION_REFUSED @ http://localhost:1420/@vite/client:1034
[ 3667021ms] [ERROR] WebSocket connection to 'ws://localhost:1420/' failed: Error in connection establishment: net::ERR_CONNECTION_REFUSED @ http://localhost:1420/@vite/client:1034
[ 3673060ms] [ERROR] WebSocket connection to 'ws://localhost:1420/' failed: Error in connection establishment: net::ERR_CONNECTION_REFUSED @ http://localhost:1420/@vite/client:1034
[ 3678685ms] [ERROR] WebSocket connection to 'ws://localhost:1420/' failed: Error in connection establishment: net::ERR_CONNECTION_REFUSED @ http://localhost:1420/@vite/client:1034
[ 3685275ms] [ERROR] WebSocket connection to 'ws://localhost:1420/' failed: Error in connection establishment: net::ERR_CONNECTION_REFUSED @ http://localhost:1420/@vite/client:1034
[ 3692397ms] [ERROR] WebSocket connection to 'ws://localhost:1420/' failed: Error in connection establishment: net::ERR_CONNECTION_REFUSED @ http://localhost:1420/@vite/client:1034
[ 3697835ms] [ERROR] WebSocket connection to 'ws://localhost:1420/' failed: Error in connection establishment: net::ERR_CONNECTION_REFUSED @ http://localhost:1420/@vite/client:1034
[ 3704568ms] [ERROR] WebSocket connection to 'ws://localhost:1420/' failed: Error in connection establishment: net::ERR_CONNECTION_REFUSED @ http://localhost:1420/@vite/client:1034
[ 3711547ms] [ERROR] WebSocket connection to 'ws://localhost:1420/' failed: Error in connection establishment: net::ERR_CONNECTION_REFUSED @ http://localhost:1420/@vite/client:1034
[ 3716140ms] [ERROR] WebSocket connection to 'ws://localhost:1420/' failed: Error in connection establishment: net::ERR_CONNECTION_REFUSED @ http://localhost:1420/@vite/client:1034
[ 3723159ms] [ERROR] WebSocket connection to 'ws://localhost:1420/' failed: Error in connection establishment: net::ERR_CONNECTION_REFUSED @ http://localhost:1420/@vite/client:1034
[ 3730568ms] [ERROR] WebSocket connection to 'ws://localhost:1420/' failed: Error in connection establishment: net::ERR_CONNECTION_REFUSED @ http://localhost:1420/@vite/client:1034
[ 3735950ms] [ERROR] WebSocket connection to 'ws://localhost:1420/' failed: Error in connection establishment: net::ERR_CONNECTION_REFUSED @ http://localhost:1420/@vite/client:1034
[ 3743512ms] [ERROR] WebSocket connection to 'ws://localhost:1420/' failed: Error in connection establishment: net::ERR_CONNECTION_REFUSED @ http://localhost:1420/@vite/client:1034
[ 3749626ms] [ERROR] WebSocket connection to 'ws://localhost:1420/' failed: Error in connection establishment: net::ERR_CONNECTION_REFUSED @ http://localhost:1420/@vite/client:1034
[ 3756226ms] [ERROR] WebSocket connection to 'ws://localhost:1420/' failed: Error in connection establishment: net::ERR_CONNECTION_REFUSED @ http://localhost:1420/@vite/client:1034
[ 3763527ms] [ERROR] WebSocket connection to 'ws://localhost:1420/' failed: Error in connection establishment: net::ERR_CONNECTION_REFUSED @ http://localhost:1420/@vite/client:1034
[ 3768295ms] [ERROR] WebSocket connection to 'ws://localhost:1420/' failed: Error in connection establishment: net::ERR_CONNECTION_REFUSED @ http://localhost:1420/@vite/client:1034
[ 3772871ms] [ERROR] WebSocket connection to 'ws://localhost:1420/' failed: Error in connection establishment: net::ERR_CONNECTION_REFUSED @ http://localhost:1420/@vite/client:1034
[ 3780052ms] [ERROR] WebSocket connection to 'ws://localhost:1420/' failed: Error in connection establishment: net::ERR_CONNECTION_REFUSED @ http://localhost:1420/@vite/client:1034
[ 3785336ms] [ERROR] WebSocket connection to 'ws://localhost:1420/' failed: Error in connection establishment: net::ERR_CONNECTION_REFUSED @ http://localhost:1420/@vite/client:1034
[ 3791353ms] [ERROR] WebSocket connection to 'ws://localhost:1420/' failed: Error in connection establishment: net::ERR_CONNECTION_REFUSED @ http://localhost:1420/@vite/client:1034
[ 3798017ms] [ERROR] WebSocket connection to 'ws://localhost:1420/' failed: Error in connection establishment: net::ERR_CONNECTION_REFUSED @ http://localhost:1420/@vite/client:1034
[ 3804353ms] [ERROR] WebSocket connection to 'ws://localhost:1420/' failed: Error in connection establishment: net::ERR_CONNECTION_REFUSED @ http://localhost:1420/@vite/client:1034
[ 3809054ms] [ERROR] WebSocket connection to 'ws://localhost:1420/' failed: Error in connection establishment: net::ERR_CONNECTION_REFUSED @ http://localhost:1420/@vite/client:1034
[ 3813477ms] [ERROR] WebSocket connection to 'ws://localhost:1420/' failed: Error in connection establishment: net::ERR_CONNECTION_REFUSED @ http://localhost:1420/@vite/client:1034
[ 3820241ms] [ERROR] WebSocket connection to 'ws://localhost:1420/' failed: Error in connection establishment: net::ERR_CONNECTION_REFUSED @ http://localhost:1420/@vite/client:1034
[ 3827761ms] [ERROR] WebSocket connection to 'ws://localhost:1420/' failed: Error in connection establishment: net::ERR_CONNECTION_REFUSED @ http://localhost:1420/@vite/client:1034
[ 3835110ms] [ERROR] WebSocket connection to 'ws://localhost:1420/' failed: Error in connection establishment: net::ERR_CONNECTION_REFUSED @ http://localhost:1420/@vite/client:1034
[ 3839599ms] [ERROR] WebSocket connection to 'ws://localhost:1420/' failed: Error in connection establishment: net::ERR_CONNECTION_REFUSED @ http://localhost:1420/@vite/client:1034
[ 3844174ms] [ERROR] WebSocket connection to 'ws://localhost:1420/' failed: Error in connection establishment: net::ERR_CONNECTION_REFUSED @ http://localhost:1420/@vite/client:1034
[ 3847522ms] [ERROR] WebSocket connection to 'ws://localhost:1420/' failed: Error in connection establishment: net::ERR_CONNECTION_REFUSED @ http://localhost:1420/@vite/client:1034
[ 3850857ms] [ERROR] WebSocket connection to 'ws://localhost:1420/' failed: Error in connection establishment: net::ERR_CONNECTION_REFUSED @ http://localhost:1420/@vite/client:1034
[ 3854181ms] [ERROR] WebSocket connection to 'ws://localhost:1420/' failed: Error in connection establishment: net::ERR_CONNECTION_REFUSED @ http://localhost:1420/@vite/client:1034
[ 3857527ms] [ERROR] WebSocket connection to 'ws://localhost:1420/' failed: Error in connection establishment: net::ERR_CONNECTION_REFUSED @ http://localhost:1420/@vite/client:1034
[ 3860863ms] [ERROR] WebSocket connection to 'ws://localhost:1420/' failed: Error in connection establishment: net::ERR_CONNECTION_REFUSED @ http://localhost:1420/@vite/client:1034
[ 3864220ms] [ERROR] WebSocket connection to 'ws://localhost:1420/' failed: Error in connection establishment: net::ERR_CONNECTION_REFUSED @ http://localhost:1420/@vite/client:1034
[ 3867589ms] [ERROR] WebSocket connection to 'ws://localhost:1420/' failed: Error in connection establishment: net::ERR_CONNECTION_REFUSED @ http://localhost:1420/@vite/client:1034
[ 3870960ms] [ERROR] WebSocket connection to 'ws://localhost:1420/' failed: Error in connection establishment: net::ERR_CONNECTION_REFUSED @ http://localhost:1420/@vite/client:1034
[ 3874321ms] [ERROR] WebSocket connection to 'ws://localhost:1420/' failed: Error in connection establishment: net::ERR_CONNECTION_REFUSED @ http://localhost:1420/@vite/client:1034
[ 3877711ms] [ERROR] WebSocket connection to 'ws://localhost:1420/' failed: Error in connection establishment: net::ERR_CONNECTION_REFUSED @ http://localhost:1420/@vite/client:1034
[ 3881103ms] [ERROR] WebSocket connection to 'ws://localhost:1420/' failed: Error in connection establishment: net::ERR_CONNECTION_REFUSED @ http://localhost:1420/@vite/client:1034
[ 3884600ms] [ERROR] WebSocket connection to 'ws://localhost:1420/' failed: Error in connection establishment: net::ERR_CONNECTION_REFUSED @ http://localhost:1420/@vite/client:1034
[ 3888217ms] [ERROR] WebSocket connection to 'ws://localhost:1420/' failed: Error in connection establishment: net::ERR_CONNECTION_REFUSED @ http://localhost:1420/@vite/client:1034
[ 3891886ms] [ERROR] WebSocket connection to 'ws://localhost:1420/' failed: Error in connection establishment: net::ERR_CONNECTION_REFUSED @ http://localhost:1420/@vite/client:1034
[ 3896093ms] [ERROR] WebSocket connection to 'ws://localhost:1420/' failed: Error in connection establishment: net::ERR_CONNECTION_REFUSED @ http://localhost:1420/@vite/client:1034
[ 3900537ms] [ERROR] WebSocket connection to 'ws://localhost:1420/' failed: Error in connection establishment: net::ERR_CONNECTION_REFUSED @ http://localhost:1420/@vite/client:1034
[ 3905329ms] [ERROR] WebSocket connection to 'ws://localhost:1420/' failed: Error in connection establishment: net::ERR_CONNECTION_REFUSED @ http://localhost:1420/@vite/client:1034
[ 3913101ms] [ERROR] WebSocket connection to 'ws://localhost:1420/' failed: Error in connection establishment: net::ERR_CONNECTION_REFUSED @ http://localhost:1420/@vite/client:1034
[ 3918590ms] [ERROR] WebSocket connection to 'ws://localhost:1420/' failed: Error in connection establishment: net::ERR_CONNECTION_REFUSED @ http://localhost:1420/@vite/client:1034
[ 3924250ms] [ERROR] WebSocket connection to 'ws://localhost:1420/' failed: Error in connection establishment: net::ERR_CONNECTION_REFUSED @ http://localhost:1420/@vite/client:1034
[ 3931443ms] [ERROR] WebSocket connection to 'ws://localhost:1420/' failed: Error in connection establishment: net::ERR_CONNECTION_REFUSED @ http://localhost:1420/@vite/client:1034
[ 3937616ms] [ERROR] WebSocket connection to 'ws://localhost:1420/' failed: Error in connection establishment: net::ERR_CONNECTION_REFUSED @ http://localhost:1420/@vite/client:1034
[ 3945713ms] [ERROR] WebSocket connection to 'ws://localhost:1420/' failed: Error in connection establishment: net::ERR_CONNECTION_REFUSED @ http://localhost:1420/@vite/client:1034
[ 3950231ms] [ERROR] WebSocket connection to 'ws://localhost:1420/' failed: Error in connection establishment: net::ERR_CONNECTION_REFUSED @ http://localhost:1420/@vite/client:1034
[ 3955999ms] [ERROR] WebSocket connection to 'ws://localhost:1420/' failed: Error in connection establishment: net::ERR_CONNECTION_REFUSED @ http://localhost:1420/@vite/client:1034
[ 3961570ms] [ERROR] WebSocket connection to 'ws://localhost:1420/' failed: Error in connection establishment: net::ERR_CONNECTION_REFUSED @ http://localhost:1420/@vite/client:1034
[ 3966714ms] [ERROR] WebSocket connection to 'ws://localhost:1420/' failed: Error in connection establishment: net::ERR_CONNECTION_REFUSED @ http://localhost:1420/@vite/client:1034
[ 3973778ms] [ERROR] WebSocket connection to 'ws://localhost:1420/' failed: Error in connection establishment: net::ERR_CONNECTION_REFUSED @ http://localhost:1420/@vite/client:1034
[ 3980452ms] [ERROR] WebSocket connection to 'ws://localhost:1420/' failed: Error in connection establishment: net::ERR_CONNECTION_REFUSED @ http://localhost:1420/@vite/client:1034
[ 3986289ms] [ERROR] WebSocket connection to 'ws://localhost:1420/' failed: Error in connection establishment: net::ERR_CONNECTION_REFUSED @ http://localhost:1420/@vite/client:1034
[ 3992258ms] [ERROR] WebSocket connection to 'ws://localhost:1420/' failed: Error in connection establishment: net::ERR_CONNECTION_REFUSED @ http://localhost:1420/@vite/client:1034
[ 3996865ms] [ERROR] WebSocket connection to 'ws://localhost:1420/' failed: Error in connection establishment: net::ERR_CONNECTION_REFUSED @ http://localhost:1420/@vite/client:1034
[ 4002508ms] [ERROR] WebSocket connection to 'ws://localhost:1420/' failed: Error in connection establishment: net::ERR_CONNECTION_REFUSED @ http://localhost:1420/@vite/client:1034
[ 4007098ms] [ERROR] WebSocket connection to 'ws://localhost:1420/' failed: Error in connection establishment: net::ERR_CONNECTION_REFUSED @ http://localhost:1420/@vite/client:1034
[ 4011966ms] [ERROR] WebSocket connection to 'ws://localhost:1420/' failed: Error in connection establishment: net::ERR_CONNECTION_REFUSED @ http://localhost:1420/@vite/client:1034
[ 4017865ms] [ERROR] WebSocket connection to 'ws://localhost:1420/' failed: Error in connection establishment: net::ERR_CONNECTION_REFUSED @ http://localhost:1420/@vite/client:1034
[ 4025349ms] [ERROR] WebSocket connection to 'ws://localhost:1420/' failed: Error in connection establishment: net::ERR_CONNECTION_REFUSED @ http://localhost:1420/@vite/client:1034
[ 4031705ms] [ERROR] WebSocket connection to 'ws://localhost:1420/' failed: Error in connection establishment: net::ERR_CONNECTION_REFUSED @ http://localhost:1420/@vite/client:1034
[ 4038678ms] [ERROR] WebSocket connection to 'ws://localhost:1420/' failed: Error in connection establishment: net::ERR_CONNECTION_REFUSED @ http://localhost:1420/@vite/client:1034
[ 4043089ms] [ERROR] WebSocket connection to 'ws://localhost:1420/' failed: Error in connection establishment: net::ERR_CONNECTION_REFUSED @ http://localhost:1420/@vite/client:1034
[ 4047765ms] [ERROR] WebSocket connection to 'ws://localhost:1420/' failed: Error in connection establishment: net::ERR_CONNECTION_REFUSED @ http://localhost:1420/@vite/client:1034
[ 4053221ms] [ERROR] WebSocket connection to 'ws://localhost:1420/' failed: Error in connection establishment: net::ERR_CONNECTION_REFUSED @ http://localhost:1420/@vite/client:1034
[ 4057615ms] [ERROR] WebSocket connection to 'ws://localhost:1420/' failed: Error in connection establishment: net::ERR_CONNECTION_REFUSED @ http://localhost:1420/@vite/client:1034
[ 4065015ms] [ERROR] WebSocket connection to 'ws://localhost:1420/' failed: Error in connection establishment: net::ERR_CONNECTION_REFUSED @ http://localhost:1420/@vite/client:1034
[ 4073350ms] [ERROR] WebSocket connection to 'ws://localhost:1420/' failed: Error in connection establishment: net::ERR_CONNECTION_REFUSED @ http://localhost:1420/@vite/client:1034
[ 4077932ms] [ERROR] WebSocket connection to 'ws://localhost:1420/' failed: Error in connection establishment: net::ERR_CONNECTION_REFUSED @ http://localhost:1420/@vite/client:1034
[ 4082684ms] [ERROR] WebSocket connection to 'ws://localhost:1420/' failed: Error in connection establishment: net::ERR_CONNECTION_REFUSED @ http://localhost:1420/@vite/client:1034
[ 4090860ms] [ERROR] WebSocket connection to 'ws://localhost:1420/' failed: Error in connection establishment: net::ERR_CONNECTION_REFUSED @ http://localhost:1420/@vite/client:1034
[ 4097986ms] [ERROR] WebSocket connection to 'ws://localhost:1420/' failed: Error in connection establishment: net::ERR_CONNECTION_REFUSED @ http://localhost:1420/@vite/client:1034
[ 4104857ms] [ERROR] WebSocket connection to 'ws://localhost:1420/' failed: Error in connection establishment: net::ERR_CONNECTION_REFUSED @ http://localhost:1420/@vite/client:1034
[ 4112236ms] [ERROR] WebSocket connection to 'ws://localhost:1420/' failed: Error in connection establishment: net::ERR_CONNECTION_REFUSED @ http://localhost:1420/@vite/client:1034
